{
	"pluginmetadataversion" : 2,
	"name": "decomp2dbg",
	"type": ["core"],
	"api": ["python3"],
	"description": "Adds support for Binary Ninja decompilation in your debugger, curently only supports GDB",
	"longdescription": "decomp2dbg will host the decompilation and symbols present in your Binary Ninja View over an XMLRPC server which can bee hooked from within your debugger. As you change you decompilation, so will the debuggers view.",
	"license": {
		"name": "BSD 2-clause",
		"text": ""
	},
	"platforms" : ["Darwin", "Linux", "Windows"],
	"installinstructions" : {
		"Darwin" : "Follow the README to install the debugger side of the plugin.",
		"Linux" : "Follow the README to install the debugger side of the plugin.",
		"Windows" : "Follow the README to install the debugger side of the plugin."
	},
	"dependencies": {
		"pip": [],
		"apt": [],
		"installers": [],
		"other": []
	},
	"version": "3.3.0",
	"author": "Zion Basque (@mahaloz)",
	"minimumbinaryninjaversion": 1200
}
