{
    "intents": [{
            "tag": "greeting",
            "patterns": ["Hi", "How are you", "Is anyone there?", "Hello", "Good day", "Whats up"],
            "responses": ["Hello!", "Good to see you again!", "Hi there, how can I help?"],
            "context_set": ""
        },
        {
            "tag": "action and advanture",
            "patterns": [" Elements of action/adventure (car chases, shootouts, explosions) and thriller", "Combines action set-pieces with serious themes, character insight and/or emotional power", "I like action movies", "i like fighting movies", "action sequences, such as fighting, stunts, car chases or explosions", "Fighting is really awesome"],
            "responses": ["I also like action movies :)", "ohh nice", "yeah action movie is awesome"],
            "context_set": ""
        },
        {
            "tag": "comedy",
            "patterns": ["These films are designed to make the audience laugh through amusement", "very first silent movies were comedies, as slapstick comedy often relies on visual depictions", "with many former stand-up comics transitioning to the film industry", "satirical comedy-drama & the plot is", "i like comedy movies", "comedy is really love to watch", "laughing is the best medicine", "i love everyday"],
            "responses": ["I also like comedy movies :)", "ohh nice", "yeah laughing is better for health"],
            "context_set": ""
        },
        {
            "tag": "Horror",
            "patterns": ["A horror film is a film that seeks to elicit fear for entertainment purposes", "horror has existed as a film genre for more than a century", "i like Horror movie", "Horror movies are so thrilled", "an intense feeling of fear, shock, or disgust.", "I like intense and fear movies", "Horror films effectively center on the dark side of life", "i like dark movies", "Horror Films are unsettling films designed to frighten and panic,monster"],
            "responses": ["ohh i think you like science fiction kind of horror", "Ohhh i also dark movie", "Hmm horror movies are so thriilled"],
            "context_set": ""
        },
        {
            "tag": "Romance",
            "patterns": ["romance movies are romantic love stories", "romance movie focus on passion, emotion, and the affectionate romantic involvement", "Romance movie strong and pure love and romance the main plot focus", "i love romantic and love movies", "romantic love, obsessive love, sentimental love, spiritual love, forbidden love/romance, platonic love, sexual and passionate love, sacrificial love, explosive and destructive love", "i want to watch Deep and true romantic love between two people", "i like "],
            "responses": ["Romantic movie are just awesome", "Yeahh i like true love movies", "Romance is everywhere :)", "I recommond don't watch with family :("],
            "context_set": ""
        },
        {
            "tag": "Accept",
            "patterns": ["ohh really", "nice", "ohhh"],
            "responses": ["yess", "yeah", "yepp", "yeah that's true"],
            "context_set": ""
        }
    ]
}