benchmark,warmup_iter,iter,name,command,duration,lines,env
linux_alternates,1,3,rg (ignore),rg -n ERR_SYS|PME_TURN_OFF|LINK_REQ_RST|CFG_BME_EVT,0.10048675537109375,68,
linux_alternates,1,3,rg (ignore),rg -n ERR_SYS|PME_TURN_OFF|LINK_REQ_RST|CFG_BME_EVT,0.09462523460388184,68,
linux_alternates,1,3,rg (ignore),rg -n ERR_SYS|PME_TURN_OFF|LINK_REQ_RST|CFG_BME_EVT,0.0931856632232666,68,
linux_alternates,1,3,rg (whitelist),rg --no-ignore -n ERR_SYS|PME_TURN_OFF|LINK_REQ_RST|CFG_BME_EVT,0.06952047348022461,68,
linux_alternates,1,3,rg (whitelist),rg --no-ignore -n ERR_SYS|PME_TURN_OFF|LINK_REQ_RST|CFG_BME_EVT,0.07045698165893555,68,
linux_alternates,1,3,rg (whitelist),rg --no-ignore -n ERR_SYS|PME_TURN_OFF|LINK_REQ_RST|CFG_BME_EVT,0.06589603424072266,68,
linux_alternates_casei,1,3,rg (ignore),rg -n -i ERR_SYS|PME_TURN_OFF|LINK_REQ_RST|CFG_BME_EVT,0.09840559959411621,160,
linux_alternates_casei,1,3,rg (ignore),rg -n -i ERR_SYS|PME_TURN_OFF|LINK_REQ_RST|CFG_BME_EVT,0.0973203182220459,160,
linux_alternates_casei,1,3,rg (ignore),rg -n -i ERR_SYS|PME_TURN_OFF|LINK_REQ_RST|CFG_BME_EVT,0.09747123718261719,160,
linux_alternates_casei,1,3,rg (whitelist),rg --no-ignore -n -i ERR_SYS|PME_TURN_OFF|LINK_REQ_RST|CFG_BME_EVT,0.07976746559143066,160,
linux_alternates_casei,1,3,rg (whitelist),rg --no-ignore -n -i ERR_SYS|PME_TURN_OFF|LINK_REQ_RST|CFG_BME_EVT,0.07973408699035645,160,
linux_alternates_casei,1,3,rg (whitelist),rg --no-ignore -n -i ERR_SYS|PME_TURN_OFF|LINK_REQ_RST|CFG_BME_EVT,0.0842599868774414,160,
linux_literal,1,3,rg (ignore),rg -n PM_RESUME,0.06900453567504883,16,
linux_literal,1,3,rg (ignore),rg -n PM_RESUME,0.06771540641784668,16,
linux_literal,1,3,rg (ignore),rg -n PM_RESUME,0.07333683967590332,16,
linux_literal,1,3,rg (ignore) (mmap),rg -n --mmap PM_RESUME,0.38510584831237793,16,
linux_literal,1,3,rg (ignore) (mmap),rg -n --mmap PM_RESUME,0.38396191596984863,16,
linux_literal,1,3,rg (ignore) (mmap),rg -n --mmap PM_RESUME,0.37463903427124023,16,
linux_literal,1,3,rg (whitelist),rg -n --no-ignore -tall PM_RESUME,0.05757570266723633,16,
linux_literal,1,3,rg (whitelist),rg -n --no-ignore -tall PM_RESUME,0.058022260665893555,16,
linux_literal,1,3,rg (whitelist),rg -n --no-ignore -tall PM_RESUME,0.06006050109863281,16,
linux_literal_casei,1,3,rg (ignore),rg -n -i PM_RESUME,0.07654142379760742,370,
linux_literal_casei,1,3,rg (ignore),rg -n -i PM_RESUME,0.07764244079589844,370,
linux_literal_casei,1,3,rg (ignore),rg -n -i PM_RESUME,0.07787275314331055,370,
linux_literal_casei,1,3,rg (ignore) (mmap),rg -n -i --mmap PM_RESUME,0.38339757919311523,370,
linux_literal_casei,1,3,rg (ignore) (mmap),rg -n -i --mmap PM_RESUME,0.38019704818725586,370,
linux_literal_casei,1,3,rg (ignore) (mmap),rg -n -i --mmap PM_RESUME,0.3887295722961426,370,
linux_literal_casei,1,3,rg (whitelist),rg -n -i --no-ignore -tall PM_RESUME,0.06747794151306152,370,
linux_literal_casei,1,3,rg (whitelist),rg -n -i --no-ignore -tall PM_RESUME,0.06868124008178711,370,
linux_literal_casei,1,3,rg (whitelist),rg -n -i --no-ignore -tall PM_RESUME,0.06679105758666992,370,
linux_literal_default,1,3,rg,rg PM_RESUME,0.07849764823913574,16,
linux_literal_default,1,3,rg,rg PM_RESUME,0.08336472511291504,16,
linux_literal_default,1,3,rg,rg PM_RESUME,0.06723690032958984,16,
linux_no_literal,1,3,rg (ignore),rg -n \w{5}\s+\w{5}\s+\w{5}\s+\w{5}\s+\w{5},0.25814294815063477,490,
linux_no_literal,1,3,rg (ignore),rg -n \w{5}\s+\w{5}\s+\w{5}\s+\w{5}\s+\w{5},0.29274845123291016,490,
linux_no_literal,1,3,rg (ignore),rg -n \w{5}\s+\w{5}\s+\w{5}\s+\w{5}\s+\w{5},0.2985391616821289,490,
linux_no_literal,1,3,rg (ignore) (ASCII),rg -n (?-u)\w{5}\s+\w{5}\s+\w{5}\s+\w{5}\s+\w{5},0.16458344459533691,490,
linux_no_literal,1,3,rg (ignore) (ASCII),rg -n (?-u)\w{5}\s+\w{5}\s+\w{5}\s+\w{5}\s+\w{5},0.16898059844970703,490,
linux_no_literal,1,3,rg (ignore) (ASCII),rg -n (?-u)\w{5}\s+\w{5}\s+\w{5}\s+\w{5}\s+\w{5},0.1756742000579834,490,
linux_no_literal,1,3,rg (whitelist),rg -n --no-ignore -tall \w{5}\s+\w{5}\s+\w{5}\s+\w{5}\s+\w{5},0.3002643585205078,419,
linux_no_literal,1,3,rg (whitelist),rg -n --no-ignore -tall \w{5}\s+\w{5}\s+\w{5}\s+\w{5}\s+\w{5},0.2709066867828369,419,
linux_no_literal,1,3,rg (whitelist),rg -n --no-ignore -tall \w{5}\s+\w{5}\s+\w{5}\s+\w{5}\s+\w{5},0.2683436870574951,419,
linux_no_literal,1,3,rg (whitelist) (ASCII),rg -n --no-ignore -tall (?-u)\w{5}\s+\w{5}\s+\w{5}\s+\w{5}\s+\w{5},0.1489565372467041,419,
linux_no_literal,1,3,rg (whitelist) (ASCII),rg -n --no-ignore -tall (?-u)\w{5}\s+\w{5}\s+\w{5}\s+\w{5}\s+\w{5},0.14751625061035156,419,
linux_no_literal,1,3,rg (whitelist) (ASCII),rg -n --no-ignore -tall (?-u)\w{5}\s+\w{5}\s+\w{5}\s+\w{5}\s+\w{5},0.1487743854522705,419,
linux_re_literal_suffix,1,3,rg (ignore),rg -n [A-Z]+_RESUME,0.06930160522460938,1652,
linux_re_literal_suffix,1,3,rg (ignore),rg -n [A-Z]+_RESUME,0.07447147369384766,1652,
linux_re_literal_suffix,1,3,rg (ignore),rg -n [A-Z]+_RESUME,0.07432723045349121,1652,
linux_re_literal_suffix,1,3,rg (whitelist),rg -n --no-ignore -tall [A-Z]+_RESUME,0.06141376495361328,1630,
linux_re_literal_suffix,1,3,rg (whitelist),rg -n --no-ignore -tall [A-Z]+_RESUME,0.06345224380493164,1630,
linux_re_literal_suffix,1,3,rg (whitelist),rg -n --no-ignore -tall [A-Z]+_RESUME,0.05813455581665039,1630,
linux_unicode_greek,1,3,rg,rg -n \p{Greek},0.16566061973571777,23,
linux_unicode_greek,1,3,rg,rg -n \p{Greek},0.17109084129333496,23,
linux_unicode_greek,1,3,rg,rg -n \p{Greek},0.16268444061279297,23,
linux_unicode_greek_casei,1,3,rg,rg -n -i \p{Greek},0.16269755363464355,103,
linux_unicode_greek_casei,1,3,rg,rg -n -i \p{Greek},0.16636371612548828,103,
linux_unicode_greek_casei,1,3,rg,rg -n -i \p{Greek},0.16133809089660645,103,
linux_unicode_word,1,3,rg (ignore),rg -n \wAh,0.07663178443908691,186,
linux_unicode_word,1,3,rg (ignore),rg -n \wAh,0.07986211776733398,186,
linux_unicode_word,1,3,rg (ignore),rg -n \wAh,0.07756590843200684,186,
linux_unicode_word,1,3,rg (ignore) (ASCII),rg -n (?-u)\wAh,0.07402157783508301,174,
linux_unicode_word,1,3,rg (ignore) (ASCII),rg -n (?-u)\wAh,0.07861495018005371,174,
linux_unicode_word,1,3,rg (ignore) (ASCII),rg -n (?-u)\wAh,0.07465910911560059,174,
linux_unicode_word,1,3,rg (whitelist),rg -n --no-ignore -tall \wAh,0.06782341003417969,180,
linux_unicode_word,1,3,rg (whitelist),rg -n --no-ignore -tall \wAh,0.06639862060546875,180,
linux_unicode_word,1,3,rg (whitelist),rg -n --no-ignore -tall \wAh,0.06768679618835449,180,
linux_unicode_word,1,3,rg (whitelist) (ASCII),rg -n --no-ignore -tall (?-u)\wAh,0.06638240814208984,168,
linux_unicode_word,1,3,rg (whitelist) (ASCII),rg -n --no-ignore -tall (?-u)\wAh,0.06481051445007324,168,
linux_unicode_word,1,3,rg (whitelist) (ASCII),rg -n --no-ignore -tall (?-u)\wAh,0.06659054756164551,168,
linux_word,1,3,rg (ignore),rg -n -w PM_RESUME,0.06744074821472168,6,
linux_word,1,3,rg (ignore),rg -n -w PM_RESUME,0.06904149055480957,6,
linux_word,1,3,rg (ignore),rg -n -w PM_RESUME,0.07302141189575195,6,
linux_word,1,3,rg (whitelist),rg -n -w --no-ignore -tall PM_RESUME,0.05972766876220703,6,
linux_word,1,3,rg (whitelist),rg -n -w --no-ignore -tall PM_RESUME,0.0587460994720459,6,
linux_word,1,3,rg (whitelist),rg -n -w --no-ignore -tall PM_RESUME,0.05879020690917969,6,
subtitles_en_alternate,1,3,rg (lines),rg -n Sherlock Holmes|John Watson|Irene Adler|Inspector Lestrade|Professor Moriarty /data/benchsuite/subtitles/OpenSubtitles2016.raw.sample.en,0.3649451732635498,848,
subtitles_en_alternate,1,3,rg (lines),rg -n Sherlock Holmes|John Watson|Irene Adler|Inspector Lestrade|Professor Moriarty /data/benchsuite/subtitles/OpenSubtitles2016.raw.sample.en,0.37390756607055664,848,
subtitles_en_alternate,1,3,rg (lines),rg -n Sherlock Holmes|John Watson|Irene Adler|Inspector Lestrade|Professor Moriarty /data/benchsuite/subtitles/OpenSubtitles2016.raw.sample.en,0.3691575527191162,848,
subtitles_en_alternate,1,3,rg,rg Sherlock Holmes|John Watson|Irene Adler|Inspector Lestrade|Professor Moriarty /data/benchsuite/subtitles/OpenSubtitles2016.raw.sample.en,0.3192598819732666,848,
subtitles_en_alternate,1,3,rg,rg Sherlock Holmes|John Watson|Irene Adler|Inspector Lestrade|Professor Moriarty /data/benchsuite/subtitles/OpenSubtitles2016.raw.sample.en,0.3968648910522461,848,
subtitles_en_alternate,1,3,rg,rg Sherlock Holmes|John Watson|Irene Adler|Inspector Lestrade|Professor Moriarty /data/benchsuite/subtitles/OpenSubtitles2016.raw.sample.en,0.347275972366333,848,
subtitles_en_alternate_casei,1,3,rg,rg -n -i Sherlock Holmes|John Watson|Irene Adler|Inspector Lestrade|Professor Moriarty /data/benchsuite/subtitles/OpenSubtitles2016.raw.sample.en,2.11361026763916,862,
subtitles_en_alternate_casei,1,3,rg,rg -n -i Sherlock Holmes|John Watson|Irene Adler|Inspector Lestrade|Professor Moriarty /data/benchsuite/subtitles/OpenSubtitles2016.raw.sample.en,1.9423036575317383,862,
subtitles_en_alternate_casei,1,3,rg,rg -n -i Sherlock Holmes|John Watson|Irene Adler|Inspector Lestrade|Professor Moriarty /data/benchsuite/subtitles/OpenSubtitles2016.raw.sample.en,1.9265573024749756,862,
subtitles_en_literal,1,3,rg,rg Sherlock Holmes /data/benchsuite/subtitles/OpenSubtitles2016.raw.sample.en,0.21686100959777832,629,
subtitles_en_literal,1,3,rg,rg Sherlock Holmes /data/benchsuite/subtitles/OpenSubtitles2016.raw.sample.en,0.23349666595458984,629,
subtitles_en_literal,1,3,rg,rg Sherlock Holmes /data/benchsuite/subtitles/OpenSubtitles2016.raw.sample.en,0.2394559383392334,629,
subtitles_en_literal,1,3,rg (no mmap),rg --no-mmap Sherlock Holmes /data/benchsuite/subtitles/OpenSubtitles2016.raw.sample.en,0.2971608638763428,629,
subtitles_en_literal,1,3,rg (no mmap),rg --no-mmap Sherlock Holmes /data/benchsuite/subtitles/OpenSubtitles2016.raw.sample.en,0.2950170040130615,629,
subtitles_en_literal,1,3,rg (no mmap),rg --no-mmap Sherlock Holmes /data/benchsuite/subtitles/OpenSubtitles2016.raw.sample.en,0.2873063087463379,629,
subtitles_en_literal,1,3,rg (lines),rg -n Sherlock Holmes /data/benchsuite/subtitles/OpenSubtitles2016.raw.sample.en,0.2898998260498047,629,
subtitles_en_literal,1,3,rg (lines),rg -n Sherlock Holmes /data/benchsuite/subtitles/OpenSubtitles2016.raw.sample.en,0.21834325790405273,629,
subtitles_en_literal,1,3,rg (lines),rg -n Sherlock Holmes /data/benchsuite/subtitles/OpenSubtitles2016.raw.sample.en,0.2833542823791504,629,
subtitles_en_literal_casei,1,3,rg,rg -i Sherlock Holmes /data/benchsuite/subtitles/OpenSubtitles2016.raw.sample.en,0.3961493968963623,642,
subtitles_en_literal_casei,1,3,rg,rg -i Sherlock Holmes /data/benchsuite/subtitles/OpenSubtitles2016.raw.sample.en,0.30686163902282715,642,
subtitles_en_literal_casei,1,3,rg,rg -i Sherlock Holmes /data/benchsuite/subtitles/OpenSubtitles2016.raw.sample.en,0.44585490226745605,642,
subtitles_en_literal_casei,1,3,rg (lines),rg -n -i Sherlock Holmes /data/benchsuite/subtitles/OpenSubtitles2016.raw.sample.en,0.46064209938049316,642,
subtitles_en_literal_casei,1,3,rg (lines),rg -n -i Sherlock Holmes /data/benchsuite/subtitles/OpenSubtitles2016.raw.sample.en,0.4497091770172119,642,
subtitles_en_literal_casei,1,3,rg (lines),rg -n -i Sherlock Holmes /data/benchsuite/subtitles/OpenSubtitles2016.raw.sample.en,0.34823131561279297,642,
subtitles_en_literal_word,1,3,rg (ASCII),rg -n (?-u:\b)Sherlock Holmes(?-u:\b) /data/benchsuite/subtitles/OpenSubtitles2016.raw.sample.en,0.2819490432739258,629,
subtitles_en_literal_word,1,3,rg (ASCII),rg -n (?-u:\b)Sherlock Holmes(?-u:\b) /data/benchsuite/subtitles/OpenSubtitles2016.raw.sample.en,0.18886327743530273,629,
subtitles_en_literal_word,1,3,rg (ASCII),rg -n (?-u:\b)Sherlock Holmes(?-u:\b) /data/benchsuite/subtitles/OpenSubtitles2016.raw.sample.en,0.28542351722717285,629,
subtitles_en_literal_word,1,3,rg,rg -nw Sherlock Holmes /data/benchsuite/subtitles/OpenSubtitles2016.raw.sample.en,0.18991541862487793,629,
subtitles_en_literal_word,1,3,rg,rg -nw Sherlock Holmes /data/benchsuite/subtitles/OpenSubtitles2016.raw.sample.en,0.27848052978515625,629,
subtitles_en_literal_word,1,3,rg,rg -nw Sherlock Holmes /data/benchsuite/subtitles/OpenSubtitles2016.raw.sample.en,0.21271944046020508,629,
subtitles_en_no_literal,1,3,rg,rg -n \w{5}\s+\w{5}\s+\w{5}\s+\w{5}\s+\w{5}\s+\w{5}\s+\w{5} /data/benchsuite/subtitles/OpenSubtitles2016.raw.sample.en,2.0810630321502686,13,
subtitles_en_no_literal,1,3,rg,rg -n \w{5}\s+\w{5}\s+\w{5}\s+\w{5}\s+\w{5}\s+\w{5}\s+\w{5} /data/benchsuite/subtitles/OpenSubtitles2016.raw.sample.en,2.0093939304351807,13,
subtitles_en_no_literal,1,3,rg,rg -n \w{5}\s+\w{5}\s+\w{5}\s+\w{5}\s+\w{5}\s+\w{5}\s+\w{5} /data/benchsuite/subtitles/OpenSubtitles2016.raw.sample.en,1.8533532619476318,13,
subtitles_en_no_literal,1,3,rg (ASCII),rg -n (?-u)\w{5}\s+\w{5}\s+\w{5}\s+\w{5}\s+\w{5}\s+\w{5}\s+\w{5} /data/benchsuite/subtitles/OpenSubtitles2016.raw.sample.en,1.8952853679656982,13,
subtitles_en_no_literal,1,3,rg (ASCII),rg -n (?-u)\w{5}\s+\w{5}\s+\w{5}\s+\w{5}\s+\w{5}\s+\w{5}\s+\w{5} /data/benchsuite/subtitles/OpenSubtitles2016.raw.sample.en,1.7897896766662598,13,
subtitles_en_no_literal,1,3,rg (ASCII),rg -n (?-u)\w{5}\s+\w{5}\s+\w{5}\s+\w{5}\s+\w{5}\s+\w{5}\s+\w{5} /data/benchsuite/subtitles/OpenSubtitles2016.raw.sample.en,1.893296480178833,13,
subtitles_en_surrounding_words,1,3,rg,rg -n \w+\s+Holmes\s+\w+ /data/benchsuite/subtitles/OpenSubtitles2016.raw.sample.en,0.19786620140075684,317,
subtitles_en_surrounding_words,1,3,rg,rg -n \w+\s+Holmes\s+\w+ /data/benchsuite/subtitles/OpenSubtitles2016.raw.sample.en,0.1896834373474121,317,
subtitles_en_surrounding_words,1,3,rg,rg -n \w+\s+Holmes\s+\w+ /data/benchsuite/subtitles/OpenSubtitles2016.raw.sample.en,0.29248762130737305,317,
subtitles_en_surrounding_words,1,3,rg (ASCII),rg -n (?-u)\w+\s+Holmes\s+\w+ /data/benchsuite/subtitles/OpenSubtitles2016.raw.sample.en,0.2933495044708252,317,
subtitles_en_surrounding_words,1,3,rg (ASCII),rg -n (?-u)\w+\s+Holmes\s+\w+ /data/benchsuite/subtitles/OpenSubtitles2016.raw.sample.en,0.29410600662231445,317,
subtitles_en_surrounding_words,1,3,rg (ASCII),rg -n (?-u)\w+\s+Holmes\s+\w+ /data/benchsuite/subtitles/OpenSubtitles2016.raw.sample.en,0.23128199577331543,317,
subtitles_ru_alternate,1,3,rg (lines),rg -n Шерлок Холмс|Джон Уотсон|Ирен Адлер|инспектор Лестрейд|профессор Мориарти /data/benchsuite/subtitles/OpenSubtitles2016.raw.ru,1.343696117401123,691,
subtitles_ru_alternate,1,3,rg (lines),rg -n Шерлок Холмс|Джон Уотсон|Ирен Адлер|инспектор Лестрейд|профессор Мориарти /data/benchsuite/subtitles/OpenSubtitles2016.raw.ru,1.3544535636901855,691,
subtitles_ru_alternate,1,3,rg (lines),rg -n Шерлок Холмс|Джон Уотсон|Ирен Адлер|инспектор Лестрейд|профессор Мориарти /data/benchsuite/subtitles/OpenSubtitles2016.raw.ru,1.3534214496612549,691,
subtitles_ru_alternate,1,3,rg,rg Шерлок Холмс|Джон Уотсон|Ирен Адлер|инспектор Лестрейд|профессор Мориарти /data/benchsuite/subtitles/OpenSubtitles2016.raw.ru,1.2638463973999023,691,
subtitles_ru_alternate,1,3,rg,rg Шерлок Холмс|Джон Уотсон|Ирен Адлер|инспектор Лестрейд|профессор Мориарти /data/benchsuite/subtitles/OpenSubtitles2016.raw.ru,1.2450191974639893,691,
subtitles_ru_alternate,1,3,rg,rg Шерлок Холмс|Джон Уотсон|Ирен Адлер|инспектор Лестрейд|профессор Мориарти /data/benchsuite/subtitles/OpenSubtitles2016.raw.ru,1.2779006958007812,691,
subtitles_ru_alternate_casei,1,3,rg,rg -n -i Шерлок Холмс|Джон Уотсон|Ирен Адлер|инспектор Лестрейд|профессор Мориарти /data/benchsuite/subtitles/OpenSubtitles2016.raw.ru,3.7900640964508057,735,
subtitles_ru_alternate_casei,1,3,rg,rg -n -i Шерлок Холмс|Джон Уотсон|Ирен Адлер|инспектор Лестрейд|профессор Мориарти /data/benchsuite/subtitles/OpenSubtitles2016.raw.ru,3.812807321548462,735,
subtitles_ru_alternate_casei,1,3,rg,rg -n -i Шерлок Холмс|Джон Уотсон|Ирен Адлер|инспектор Лестрейд|профессор Мориарти /data/benchsuite/subtitles/OpenSubtitles2016.raw.ru,3.7412266731262207,735,
subtitles_ru_literal,1,3,rg,rg Шерлок Холмс /data/benchsuite/subtitles/OpenSubtitles2016.raw.ru,0.2562215328216553,583,
subtitles_ru_literal,1,3,rg,rg Шерлок Холмс /data/benchsuite/subtitles/OpenSubtitles2016.raw.ru,0.2781085968017578,583,
subtitles_ru_literal,1,3,rg,rg Шерлок Холмс /data/benchsuite/subtitles/OpenSubtitles2016.raw.ru,0.21145415306091309,583,
subtitles_ru_literal,1,3,rg (no mmap),rg --no-mmap Шерлок Холмс /data/benchsuite/subtitles/OpenSubtitles2016.raw.ru,0.36469101905822754,583,
subtitles_ru_literal,1,3,rg (no mmap),rg --no-mmap Шерлок Холмс /data/benchsuite/subtitles/OpenSubtitles2016.raw.ru,0.37107086181640625,583,
subtitles_ru_literal,1,3,rg (no mmap),rg --no-mmap Шерлок Холмс /data/benchsuite/subtitles/OpenSubtitles2016.raw.ru,0.29900336265563965,583,
subtitles_ru_literal,1,3,rg (lines),rg -n Шерлок Холмс /data/benchsuite/subtitles/OpenSubtitles2016.raw.ru,0.3739583492279053,583,
subtitles_ru_literal,1,3,rg (lines),rg -n Шерлок Холмс /data/benchsuite/subtitles/OpenSubtitles2016.raw.ru,0.3521237373352051,583,
subtitles_ru_literal,1,3,rg (lines),rg -n Шерлок Холмс /data/benchsuite/subtitles/OpenSubtitles2016.raw.ru,0.3766622543334961,583,
subtitles_ru_literal_casei,1,3,rg,rg -i Шерлок Холмс /data/benchsuite/subtitles/OpenSubtitles2016.raw.ru,1.1903154850006104,604,
subtitles_ru_literal_casei,1,3,rg,rg -i Шерлок Холмс /data/benchsuite/subtitles/OpenSubtitles2016.raw.ru,1.196908950805664,604,
subtitles_ru_literal_casei,1,3,rg,rg -i Шерлок Холмс /data/benchsuite/subtitles/OpenSubtitles2016.raw.ru,1.1714701652526855,604,
subtitles_ru_literal_casei,1,3,rg (lines),rg -n -i Шерлок Холмс /data/benchsuite/subtitles/OpenSubtitles2016.raw.ru,1.0471339225769043,604,
subtitles_ru_literal_casei,1,3,rg (lines),rg -n -i Шерлок Холмс /data/benchsuite/subtitles/OpenSubtitles2016.raw.ru,1.2229478359222412,604,
subtitles_ru_literal_casei,1,3,rg (lines),rg -n -i Шерлок Холмс /data/benchsuite/subtitles/OpenSubtitles2016.raw.ru,1.1774308681488037,604,
subtitles_ru_literal_word,1,3,rg (ASCII),rg -n (?-u:\b)Шерлок Холмс(?-u:\b) /data/benchsuite/subtitles/OpenSubtitles2016.raw.ru,0.20592975616455078,,
subtitles_ru_literal_word,1,3,rg (ASCII),rg -n (?-u:\b)Шерлок Холмс(?-u:\b) /data/benchsuite/subtitles/OpenSubtitles2016.raw.ru,0.2680799961090088,,
subtitles_ru_literal_word,1,3,rg (ASCII),rg -n (?-u:\b)Шерлок Холмс(?-u:\b) /data/benchsuite/subtitles/OpenSubtitles2016.raw.ru,0.29538846015930176,,
subtitles_ru_literal_word,1,3,rg,rg -nw Шерлок Холмс /data/benchsuite/subtitles/OpenSubtitles2016.raw.ru,0.36015796661376953,579,
subtitles_ru_literal_word,1,3,rg,rg -nw Шерлок Холмс /data/benchsuite/subtitles/OpenSubtitles2016.raw.ru,0.3006131649017334,579,
subtitles_ru_literal_word,1,3,rg,rg -nw Шерлок Холмс /data/benchsuite/subtitles/OpenSubtitles2016.raw.ru,0.36701369285583496,579,
subtitles_ru_no_literal,1,3,rg,rg -n \w{5}\s+\w{5}\s+\w{5}\s+\w{5}\s+\w{5}\s+\w{5}\s+\w{5} /data/benchsuite/subtitles/OpenSubtitles2016.raw.ru,3.4495208263397217,41,
subtitles_ru_no_literal,1,3,rg,rg -n \w{5}\s+\w{5}\s+\w{5}\s+\w{5}\s+\w{5}\s+\w{5}\s+\w{5} /data/benchsuite/subtitles/OpenSubtitles2016.raw.ru,3.4749486446380615,41,
subtitles_ru_no_literal,1,3,rg,rg -n \w{5}\s+\w{5}\s+\w{5}\s+\w{5}\s+\w{5}\s+\w{5}\s+\w{5} /data/benchsuite/subtitles/OpenSubtitles2016.raw.ru,3.29917049407959,41,
subtitles_ru_no_literal,1,3,rg (ASCII),rg -n (?-u)\w{5}\s+\w{5}\s+\w{5}\s+\w{5}\s+\w{5}\s+\w{5}\s+\w{5} /data/benchsuite/subtitles/OpenSubtitles2016.raw.ru,3.0949668884277344,,
subtitles_ru_no_literal,1,3,rg (ASCII),rg -n (?-u)\w{5}\s+\w{5}\s+\w{5}\s+\w{5}\s+\w{5}\s+\w{5}\s+\w{5} /data/benchsuite/subtitles/OpenSubtitles2016.raw.ru,3.1213910579681396,,
subtitles_ru_no_literal,1,3,rg (ASCII),rg -n (?-u)\w{5}\s+\w{5}\s+\w{5}\s+\w{5}\s+\w{5}\s+\w{5}\s+\w{5} /data/benchsuite/subtitles/OpenSubtitles2016.raw.ru,2.905003070831299,,
subtitles_ru_surrounding_words,1,3,rg,rg -n \w+\s+Холмс\s+\w+ /data/benchsuite/subtitles/OpenSubtitles2016.raw.ru,0.39461803436279297,278,
subtitles_ru_surrounding_words,1,3,rg,rg -n \w+\s+Холмс\s+\w+ /data/benchsuite/subtitles/OpenSubtitles2016.raw.ru,0.3211812973022461,278,
subtitles_ru_surrounding_words,1,3,rg,rg -n \w+\s+Холмс\s+\w+ /data/benchsuite/subtitles/OpenSubtitles2016.raw.ru,0.3848116397857666,278,
