{
  "$schema": "https://mintlify.com/schema.json",
  "name": "Tach",
  "logo": {
    "dark": "/assets/dark_logo.png",
    "light": "/assets/light_logo.png"
  },
  "favicon": "/favicon.png",
  "colors": {
    "primary": "#9397ff",
    "light": "#9397ff",
    "dark": "#9397ff",
    "anchors": {
      "from": "#9397ff",
      "to": "#9397ff"
    }
  },
  "topbarCtaButton": {
    "type": "github",
    "url": "https://github.com/gauge-sh/tach"
  },
  "anchors": [
    {
      "name": "Github",
      "icon": "github",
      "url": "https://github.com/gauge-sh/tach"
    },
    {
      "name": "Blog",
      "icon": "newspaper",
      "url": "https://www.gauge.sh/blog"
    },
    {
      "name": "Community",
      "icon": "discord",
      "url": "https://discord.com/invite/a58vW8dnmw"
    }
  ],
  "navigation": [
    {
      "group": "Get Started",
      "pages": [
        "getting-started/introduction",
        "getting-started/why-tach",
        "getting-started/getting-started"
      ]
    },
    {
      "group": "Usage",
      "pages": [
        "usage/commands",
        "usage/configuration",
        "usage/caching",
        "usage/strict-mode",
        "usage/deprecate",
        "usage/tach-ignore",
        "usage/vscode",
        "usage/faq"
      ]
    },
    {
      "group": "Contributing",
      "pages": [
        "contributing/setting-up-project"
      ]
    }
  ],
  "footerSocials": {
    "x": "https://x.com/gauge_sh",
    "github": "https://github.com/gauge-sh/tach",
    "linkedin": "https://www.linkedin.com/company/something-new-2/"
  }
}
