[
    {
        "id": "file_dependencies",
        "text": "Dependencies in Python file: `{filename}`?",
        "type": "file"
    },
    {
        "id": "entire_code_graph",
        "text": "Call code graph in Python file: `{filename}`?",
        "type": "file"
    },
    {
        "id": "file_functions",
        "text": "Functions in Python file: `{filename}`?",
        "type": "file"
    },      
    {
        "id": "file_classes",
        "text": "Classes in Python file: `{filename}`?",
        "type": "file"
    },
    {
        "id": "function_inputs",
        "text": "Inputs to `{function_name}` in Python file: `{filename}`?",
        "type": "function"
    },
    {
        "id": "function_docstring",
        "text": "Docstring of `{function_name}` in Python file: `{filename}`?",
        "type": "function"
    },
    {
        "id": "function_calls",
        "text": "Calls made in `{function_name}` in Python file: `{filename}`?",
        "type": "function"
    },
    {
        "id": "function_variables",
        "text": "Variables in `{function_name}` in Python file: `{filename}`?",
        "type": "function"
    }, 
    {
        "id": "function_returns",
        "text": "Returns from `{function_name}` in Python file: `{filename}`?",
        "type": "function"
    },
    {
        "id": "class_methods",
        "text": "Methods in `{class_name}` in Python file: `{filename}`?",
        "type": "class"
    },
    {
        "id": "class_docstring",
        "text": "Docstring of `{class_name}` in Python file: `{filename}`?",
        "type": "class"
    },
    {
        "id": "class_attributes",
        "text": "Attributes of `{class_name}` in Python file: `{filename}`?",
        "type": "class"
    },
    {
        "id": "class_inheritance",
        "text": "Inheritance of `{class_name}` in Python file: `{filename}`?",
        "type": "class"
    },
    {
        "id": "method_inputs",
        "text": "Inputs to `{method_name}` in Python file: `{filename}`?",
        "type": "method"
    },
    {
        "id": "method_docstring",
        "text": "Docstring of `{method_name}` in Python file: `{filename}`?",
        "type": "method"
    },
    {
        "id": "method_calls",
        "text": "Calls made in `{method_name}` in Python file: `{filename}`?",
        "type": "method"
    },
    {
        "id": "method_variables",
        "text": "Variables in `{method_name}` in Python file: `{filename}`?",
        "type": "method"
    },
    {
        "id": "method_returns",
        "text": "Returns from `{method_name}` in Python file: `{filename}`?",
        "type": "method"
    },
    {   
        "id": "file_purpose",
        "text": "1) Describe the Purpose and Processing summary of Python file: `{filename}`; 2) Summarize the Significance of applicable Function, Class, and Method; 3) Explain what each Input, Output, and Variable does in the code.",
        "type": "file"
    } 
]
