{"project":{"name":"Example Project","projectInfo":{"description":"The Lick Reigns Supreme","license":"Public Domain","author":"Helio Example","projectTimeStamp":"1591432978939"},"projectTimeline":{"annotations":{},"timeSignatures":{"timeSignature":{"id":"uZ","numerator":4,"denominator":4,"ts":0}},"keySignatures":{"keySignature":[{"id":"Uw","key":9,"ts":0,"scale":{"name":"Dorian","period":12,"intervals":"2 1 2 2 2 1 2"}},{"id":"x3","key":9,"ts":128,"scale":{"name":"Ionian","period":12,"intervals":"2 2 1 2 2 2 1"}}]}},"node":[{"type":"pianoTrack","name":"Alt","colour":"ff00ff49","channel":1,"instrumentId":"","controller":0,"pattern":{"clip":{"key":0,"ts":0,"vol":1024,"id":"Va"}},"track":{"note":[{"id":"LM","key":64,"ts":12,"len":20,"vol":315},{"id":"GT","key":67,"ts":32,"len":16,"vol":330},{"id":"V8","key":64,"ts":48,"len":16,"vol":244},{"id":"b3","key":66,"ts":66,"len":62,"vol":236},{"id":"dv","key":64,"ts":130,"len":62,"vol":271},{"id":"ZR","key":61,"ts":195,"len":93,"vol":346}]}},{"type":"pianoTrack","name":"Alt 2","colour":"ff0049ff","channel":1,"instrumentId":"","controller":0,"pattern":{"clip":{"key":0,"ts":0,"vol":1024,"id":"Bx"}},"track":{"note":[{"id":"rO","key":60,"ts":8,"len":24,"vol":251},{"id":"IO","key":62,"ts":32,"len":16,"vol":238},{"id":"Gz","key":60,"ts":48,"len":16,"vol":285},{"id":"4q","key":57,"ts":65,"len":15,"vol":263},{"id":"7s","key":62,"ts":80,"len":32,"vol":326},{"id":"CE","key":60,"ts":112,"len":16,"vol":252},{"id":"Lz","key":59,"ts":129,"len":15,"vol":306},{"id":"Mn","key":57,"ts":144,"len":16,"vol":241},{"id":"Dm","key":59,"ts":160,"len":32,"vol":390},{"id":"a4","key":57,"ts":193,"len":103,"vol":245}]}},{"type":"pianoTrack","name":"Bass","colour":"ffff00db","channel":1,"instrumentId":"","controller":0,"pattern":{"clip":{"key":0,"ts":0,"vol":1024,"id":"qX"}},"track":{"note":[{"id":"AA","key":45,"ts":0,"len":32,"vol":375},{"id":"Uh","key":43,"ts":32,"len":16,"vol":387},{"id":"Fq","key":45,"ts":48,"len":16,"vol":341},{"id":"9G","key":38,"ts":64,"len":64,"vol":385},{"id":"Xh","key":40,"ts":128,"len":64,"vol":324},{"id":"h9","key":45,"ts":192,"len":112,"vol":400}]}},{"type":"pianoTrack","name":"Lick","colour":"ffff4900","channel":1,"instrumentId":"","controller":0,"pattern":{"clip":{"key":0,"ts":0,"vol":1024,"id":"kL"}},"track":{"note":[{"id":"cj","key":69,"ts":16,"len":16,"vol":562},{"id":"d2","key":71,"ts":32,"len":16,"vol":500},{"id":"Lg","key":72,"ts":48,"len":16,"vol":541},{"id":"A6","key":74,"ts":67,"len":21,"vol":514},{"id":"GU","key":72,"ts":88,"len":8,"vol":502},{"id":"3r","key":71,"ts":96,"len":16,"vol":527},{"id":"cm","key":69,"ts":112,"len":16,"vol":559},{"id":"bd","key":68,"ts":131,"len":13,"vol":540},{"id":"fQ","key":69,"ts":144,"len":32,"vol":526},{"id":"av","key":68,"ts":176,"len":16,"vol":557},{"id":"5u","key":69,"ts":198,"len":82,"vol":512}]}},{"type":"automationTrack","name":"Tempo","colour":"fffffaf0","channel":1,"instrumentId":"","controller":81,"pattern":{"clip":{"key":0,"ts":0,"vol":1024,"id":"Om"}},"automation":{"event":[{"id":"NJ","value":0.919496,"curve":0.237210,"ts":0},{"id":"Yf","value":0.244512,"curve":1.000000,"ts":64},{"id":"Qe","value":0.424625,"curve":0.000000,"ts":128},{"id":"Sk","value":0.244914,"curve":0.500000,"ts":256}]}},{"type":"patternSet","name":"Patterns"}]}}