{
    "SYNTAX_HIGHLIGHTING_THEME": "solarized-light",
    "DEFAULT_COLOR": {
        "color": "#657b83",
        "backgroundColor": "#fdf6e3"
    },
    "COMMIT_HEADER_COLOR": {},
    "COMMIT_HEADER_LABEL_COLOR": {},
    "COMMIT_SHA_COLOR": {
        "color": "#cb4b16"
    },
    "COMMIT_AUTHOR_COLOR": {
        "color": "#b58900"
    },
    "COMMIT_DATE_COLOR": {
        "color": "#268bd2"
    },
    "COMMIT_MESSAGE_COLOR": {
        "color": "#586e75"
    },
    "COMMIT_TITLE_COLOR": {},
    "FILE_NAME_COLOR": {
        "color": "#586e75"
    },
    "BORDER_COLOR": {
        "color": "#586e75"
    },
    "HUNK_HEADER_COLOR": {
        "color": "#586e75",
        "backgroundColor": "#eee8d5"
    },
    "DELETED_WORD_COLOR": {
        "color": "#839496",
        "backgroundColor": "#dc322f33"
    },
    "INSERTED_WORD_COLOR": {
        "color": "#839496",
        "backgroundColor": "#85990033"
    },
    "DELETED_LINE_NO_COLOR": {
        "color": "#dc322f"
    },
    "INSERTED_LINE_NO_COLOR": {
        "color": "#859900"
    },
    "UNMODIFIED_LINE_NO_COLOR": {
        "backgroundColor": "#eee8d5"
    },
    "DELETED_LINE_COLOR": {
        "color": "#dc322f",
        "backgroundColor": "#fde6d3"
    },
    "INSERTED_LINE_COLOR": {
        "color": "#859900",
        "backgroundColor": "#edf6d3"
    },
    "UNMODIFIED_LINE_COLOR": {},
    "MISSING_LINE_COLOR": {}
}
