{
    "image": {
        "output_file_name": "json_test.ppm",
        "image_width":  1024,
        "aspect_ratio": [4, 3],
        "samples":      10,
        "max_depth":    10
    },
    
    "camera": {
        "auto_focus": true,
        "look_from": [-2,2,1],
        "look_at": [0,0,-1],
        "vup": [0,1,0],
        "dist_to_focus": 100.0,
        "aperture": 0.1,
        "v_fov": 20
    },
    
    "surfaces": [
        {
            "name": "Ground",
            "shape": "sphere",
            "posistion": [0.0, -100.5, -1.0],
            "radius": 100.0,
            
            "material": {
                "type": "lambertian",
                "albedo": [0.8, 0.8, 0]
            }
        },
        {
            "name": "Left Sphere",
            "shape": "sphere",
            "posistion": [-1.0, 0.0, -1.0],
            "radius": 0.5,
            
            "material": {
                "type": "dielectric",
                "ri": 1.5
            }
        },
        {
            "name": "Center Sphere",
            "shape": "sphere",
            "posistion": [0.0,0.0,-1.0],
            "radius": 0.5,
            
            "material": {
                "type": "lambertian",
                "albedo": [0.3,0.3,0.7]
            }
        },
        {
            "name": "Right Sphere",
            "shape": "sphere",
            "posistion": [1.0,0.0,-1.0],
            "radius": 0.5,
            
            "material": {
                "type": "metal",
                "albedo": [0.9,0.9,0.9],
                "fuzz": 0.1
            }
        }
    ]
}
