{
  "indentWidth": 2,
  "lineWidth": 160,
  "includes": ["**/*.{md,toml,yaml,yml,json}", ".github/*/*.yml"],
  "excludes": [".bin/**", ".git/**", "target/**", "dist/**", ".cache/**"],
  "plugins": [
    "https://github.com/dprint/dprint-plugin-markdown/releases/download/0.14.0/plugin.wasm",
    "https://github.com/dprint/dprint-plugin-toml/releases/download/0.5.4/plugin.wasm",
    "https://plugins.dprint.dev/prettier-0.27.0.json@3557a62b4507c55a47d8cde0683195b14d13c41dda66d0f0b0e111aed107e2fe"
  ]
}
