<?xml version='1.0' encoding='utf-8'?>
<data>
  <row>
    <index>0</index>
    <Date>7/3/2018 1:47p</Date>
    <Customer>Robert Armstrong</Customer>
    <SKU>FOOD213</SKU>
    <Item>BFF Oh My Gravy! Beef &amp; Salmon 2.8oz</Item>
    <Quantity>4</Quantity>
    <Unit>$12.95</Unit>
    <Paid>$51.8</Paid>
  </row>
  <row>
    <index>1</index>
    <Date>7/3/2018 3:32p</Date>
    <Customer>Kyle Kennedy</Customer>
    <SKU>FOOD121</SKU>
    <Item>Food, Adult Cat - 3.5 oz</Item>
    <Quantity>1</Quantity>
    <Unit>$4.22</Unit>
    <Paid>$4.22</Paid>
  </row>
  <row>
    <index>2</index>
    <Date>7/5/2018 4:15p</Date>
    <Customer>Douglas "Dougie" Powers</Customer>
    <SKU>FOOD121</SKU>
    <Item>Food, Adult Cat 3.5 oz</Item>
    <Quantity>1</Quantity>
    <Unit>$4.22</Unit>
    <Paid>$4.22</Paid>
  </row>
  <row>
    <index>3</index>
    <Date>7/6/2018 12:15p</Date>
    <Customer>桜 高橋 (Sakura Takahashi)</Customer>
    <SKU>FOOD122</SKU>
    <Item>Food, Senior Wet Cat - 3 oz</Item>
    <Quantity>12</Quantity>
    <Unit>$1.29</Unit>
    <Paid>157¥</Paid>
  </row>
  <row>
    <index>4</index>
    <Date>7/10/2018 10:28a</Date>
    <Customer>David Attenborough</Customer>
    <SKU>NSCT201</SKU>
    <Item>Food, Salamander</Item>
    <Quantity>30</Quantity>
    <Unit>$.05</Unit>
    <Paid>$1.5</Paid>
  </row>
  <row>
    <index>5</index>
    <Date>7/10/2018 5:23p</Date>
    <Customer>Susan Ashworth</Customer>
    <SKU>CAT060</SKU>
    <Item>Cat, Korat (Felis catus)</Item>
    <Quantity>1</Quantity>
    <Unit>$720.42</Unit>
    <Paid>$720.42</Paid>
  </row>
  <row>
    <index>6</index>
    <Date>7/10/2018 5:23p</Date>
    <Customer>Susan Ashworth</Customer>
    <SKU>FOOD130</SKU>
    <Item>Food, Kitten 3kg</Item>
    <Quantity>1</Quantity>
    <Unit>$14.94</Unit>
    <Paid>$14.94</Paid>
  </row>
  <row>
    <index>7</index>
    <Date>7/13/2018 10:26a</Date>
    <Customer>Wil Wheaton</Customer>
    <SKU>NSCT523</SKU>
    <Item>Monster, Rust (Monstrus gygaxus)</Item>
    <Quantity>1</Quantity>
    <Unit>$39.95</Unit>
    <Paid>$39.95</Paid>
  </row>
  <row>
    <index>8</index>
    <Date>7/13/2018 3:49p</Date>
    <Customer>Robert Armstrong</Customer>
    <SKU>FOOD216</SKU>
    <Item>BFF Oh My Gravy! Chicken &amp; Shrimp 2.8oz</Item>
    <Quantity>4</Quantity>
    <Unit>$12.95</Unit>
    <Paid>$51.8</Paid>
  </row>
  <row>
    <index>9</index>
    <Date>7/17/2018 9:01a</Date>
    <Customer>Robert Armstrong</Customer>
    <SKU>FOOD217</SKU>
    <Item>BFF Oh My Gravy! Duck &amp; Tuna 2.8oz</Item>
    <Quantity>4</Quantity>
    <Unit>$12.95</Unit>
    <Paid>$51.8</Paid>
  </row>
  <row>
    <index>10</index>
    <Date>7/17/2018 11:30a</Date>
    <Customer>Helen Halestorm</Customer>
    <SKU>LAGO342</SKU>
    <Item>Rabbit (Oryctolagus cuniculus)</Item>
    <Quantity>2</Quantity>
    <Unit>$32.94</Unit>
    <Paid>$65.88</Paid>
  </row>
  <row>
    <index>11</index>
    <Date>7/18/2018 12:16p</Date>
    <Customer>桜 高橋 (Sakura Takahashi)</Customer>
    <SKU>FOOD122</SKU>
    <Item>Food, Senior Wet Cat - 3 oz</Item>
    <Quantity>6</Quantity>
    <Unit>$1.29</Unit>
    <Paid>157¥</Paid>
  </row>
  <row>
    <index>12</index>
    <Date>7/19/2018 10:28a</Date>
    <Customer>Rubeus Hagrid</Customer>
    <SKU>FOOD170</SKU>
    <Item>Food, Dog - 5kg</Item>
    <Quantity>5</Quantity>
    <Unit>$44.95</Unit>
    <Paid>$224.75</Paid>
  </row>
  <row>
    <index>13</index>
    <Date>7/20/2018 2:13p</Date>
    <Customer>Jon Arbuckle</Customer>
    <SKU>FOOD167</SKU>
    <Item>Food, Premium Wet Cat - 3.5 oz</Item>
    <Quantity>50</Quantity>
    <Unit>$3.95</Unit>
    <Paid>$197.5</Paid>
  </row>
  <row>
    <index>14</index>
    <Date>7/23/2018 1:41p</Date>
    <Customer>Robert Armstrong</Customer>
    <SKU>FOOD215</SKU>
    <Item>BFF Oh My Gravy! Lamb &amp; Tuna 2.8oz</Item>
    <Quantity>4</Quantity>
    <Unit>$12.95</Unit>
    <Paid>$51.8</Paid>
  </row>
  <row>
    <index>15</index>
    <Date>7/23/2018 4:23p</Date>
    <Customer>Douglas "Dougie" Powers</Customer>
    <SKU>TOY235</SKU>
    <Item>Laser Pointer</Item>
    <Quantity>1</Quantity>
    <Unit>$16.12</Unit>
    <Paid>$16.12</Paid>
  </row>
  <row>
    <index>16</index>
    <Date>7/24/2018 12:16p</Date>
    <Customer>桜 高橋 (Sakura Takahashi)</Customer>
    <SKU>FOOD122</SKU>
    <Item>Food, Senior Wet Cat - 3 oz</Item>
    <Quantity>3</Quantity>
    <Unit>$1.29</Unit>
    <Paid>157¥</Paid>
  </row>
  <row>
    <index>17</index>
    <Date>7/26/2018 4:39p</Date>
    <Customer>Douglas "Dougie" Powers</Customer>
    <SKU>FOOD420</SKU>
    <Item>Food, Shark - 10 kg</Item>
    <Quantity>1</Quantity>
    <Unit>$15.70</Unit>
    <Paid>$15.7</Paid>
  </row>
  <row>
    <index>18</index>
    <Date>7/27/2018 12:16p</Date>
    <Customer>桜 高橋 (Sakura Takahashi)</Customer>
    <SKU>FOOD122</SKU>
    <Item>Food, Senior Wet Cat - 3 oz</Item>
    <Quantity>3</Quantity>
    <Unit>$1.29</Unit>
    <Paid>157¥</Paid>
  </row>
  <row>
    <index>19</index>
    <Date>7/30/2018 12:17p</Date>
    <Customer>桜 高橋 (Sakura Takahashi)</Customer>
    <SKU>RETURN</SKU>
    <Item>Food, Senior Wet Cat - 3 oz</Item>
    <Quantity>1</Quantity>
    <Unit>$1.29</Unit>
    <Paid>157¥</Paid>
  </row>
  <row>
    <index>20</index>
    <Date>7/31/2018 5:42p</Date>
    <Customer>Rubeus Hagrid</Customer>
    <SKU>CAT060</SKU>
    <Item>Food, Dragon - 50kg</Item>
    <Quantity>5</Quantity>
    <Unit>$720.42</Unit>
    <Paid>$3602.1</Paid>
  </row>
  <row>
    <index>21</index>
    <Date>8/1/2018 2:44p</Date>
    <Customer>David Attenborough</Customer>
    <SKU>FOOD360</SKU>
    <Item>Food, Rhinocerous - 50kg</Item>
    <Quantity>4</Quantity>
    <Unit>$5.72</Unit>
    <Paid>$22.88</Paid>
  </row>
  <row>
    <index>22</index>
    <Date>8/2/2018 5:12p</Date>
    <Customer>Susan Ashworth</Customer>
    <SKU>CAT110</SKU>
    <Item>Cat, Maine Coon (Felix catus)</Item>
    <Quantity>1</Quantity>
    <Unit>$1,309.68</Unit>
    <Paid>$1309.68</Paid>
  </row>
  <row>
    <index>23</index>
    <Date>8/2/2018 5:12p</Date>
    <Customer>Susan Ashworth</Customer>
    <SKU>FOOD130</SKU>
    <Item>Food, Kitten 3kg</Item>
    <Quantity>3</Quantity>
    <Unit>$14.94</Unit>
    <Paid>$44.82</Paid>
  </row>
  <row>
    <index>24</index>
    <Date>8/6/2018 10:21a</Date>
    <Customer>Robert Armstrong</Customer>
    <SKU>FOOD212</SKU>
    <Item>BFF Oh My Gravy! Beef &amp; Chicken 2.8oz</Item>
    <Quantity>4</Quantity>
    <Unit>$12.95</Unit>
    <Paid>$51.8</Paid>
  </row>
  <row>
    <index>25</index>
    <Date>8/7/2018 4:12p</Date>
    <Customer>Juan Johnson</Customer>
    <SKU>REPT082</SKU>
    <Item>Kingsnake, California (Lampropeltis getula)</Item>
    <Quantity>1</Quantity>
    <Unit>$89.95</Unit>
    <Paid>$89.95</Paid>
  </row>
  <row>
    <index>26</index>
    <Date>8/7/2018 4:12p</Date>
    <Customer>Juan Johnson</Customer>
    <SKU>RDNT443</SKU>
    <Item>Mouse, Pinky (Mus musculus)</Item>
    <Quantity>1</Quantity>
    <Unit>$1.49</Unit>
    <Paid>$1.49</Paid>
  </row>
  <row>
    <index>27</index>
    <Date>8/10/2018 4:31p</Date>
    <Customer>Robert Armstrong</Customer>
    <SKU>FOOD211</SKU>
    <Item>BFF Oh My Gravy! Chicken &amp; Turkey 2.8oz</Item>
    <Quantity>4</Quantity>
    <Unit>$12.95</Unit>
    <Paid>$51.8</Paid>
  </row>
  <row>
    <index>28</index>
    <Date>8/13/2018 2:07p</Date>
    <Customer>Monica Johnson</Customer>
    <SKU>RDNT443</SKU>
    <Item>Mouse, Pinky (Mus musculus)</Item>
    <Quantity>1</Quantity>
    <Unit>$1.49</Unit>
    <Paid>$1.49</Paid>
  </row>
  <row>
    <index>29</index>
    <Date>8/13/2018 2:08p</Date>
    <Customer>María Fernández</Customer>
    <SKU>FOOD146</SKU>
    <Item>Forti Diet Prohealth Mouse/Rat 3lbs</Item>
    <Quantity>2</Quantity>
    <Unit>$2.00</Unit>
    <Paid>$4.0</Paid>
  </row>
  <row>
    <index>30</index>
    <Date>8/15/2018 11:57a</Date>
    <Customer>Mr. Praline</Customer>
    <SKU>RETURN</SKU>
    <Item>Parrot, Norwegian Blue (Mopsitta tanta)</Item>
    <Quantity>1</Quantity>
    <Unit>$2300.00</Unit>
    <Paid>-$2300.0</Paid>
  </row>
  <row>
    <index>31</index>
    <Date>8/15/2018 3:48p</Date>
    <Customer>Kyle Kennedy</Customer>
    <SKU>FOOD121</SKU>
    <Item>Food, Adult Cat - 3.5 oz</Item>
    <Quantity>2</Quantity>
    <Unit>$4.22</Unit>
    <Paid>$8.44</Paid>
  </row>
  <row>
    <index>32</index>
    <Date>8/16/2018 11:50a</Date>
    <Customer>Helen Halestorm</Customer>
    <SKU>RETURN</SKU>
    <Item>Rabbit (Oryctolagus cuniculus)</Item>
    <Quantity>6</Quantity>
    <Unit>$0</Unit>
    <Paid>$0.0</Paid>
  </row>
  <row>
    <index>33</index>
    <Date>8/16/2018 4:00p</Date>
    <Customer>Kyle Kennedy</Customer>
    <SKU>DOG010</SKU>
    <Item>Dog, Golden Retriever (Canis lupus familiaris)</Item>
    <Quantity>1</Quantity>
    <Unit>$2,495.99</Unit>
    <Paid>$2495.99</Paid>
  </row>
  <row>
    <index>34</index>
    <Date>8/16/2018 5:15p</Date>
    <Customer>Michael Smith</Customer>
    <SKU>BIRD160</SKU>
    <Item>Parakeet, Blue (Melopsittacus undulatus)</Item>
    <Quantity>1</Quantity>
    <Unit>29.95</Unit>
    <Paid>$31.85</Paid>
  </row>
  <row>
    <index>35</index>
    <Date>8/17/2018 9:26a</Date>
    <Customer>Rubeus Hagrid</Customer>
    <SKU>NSCT201</SKU>
    <Item>Food, Spider</Item>
    <Quantity>5</Quantity>
    <Unit>$.05</Unit>
    <Paid>$0.25</Paid>
  </row>
  <row>
    <index>36</index>
    <Date>8/20/2018 9:36a</Date>
    <Customer>Kyle Kennedy</Customer>
    <SKU>RETURN</SKU>
    <Item>Dog, Golden Retriever (Canis lupus familiaris)</Item>
    <Quantity>1</Quantity>
    <Unit>$1,247.99</Unit>
    <Paid>-$1247.99</Paid>
  </row>
  <row>
    <index>37</index>
    <Date>8/20/2018 1:47p</Date>
    <Customer>מרוסיה ניסנהולץ אבולעפיה</Customer>
    <SKU>GOAT224</SKU>
    <Item>Goat, American Pygmy (Capra hircus)</Item>
    <Quantity>1</Quantity>
    <Unit>₪499</Unit>
    <Paid>$160.51</Paid>
  </row>
  <row>
    <index>38</index>
    <Date>8/20/2018 3:31p</Date>
    <Customer>Monica Johnson</Customer>
    <SKU>NSCT201</SKU>
    <Item>Crickets, Adult Live (Gryllus assimilis)</Item>
    <Quantity>30</Quantity>
    <Unit>$.05</Unit>
    <Paid>$1.5</Paid>
  </row>
  <row>
    <index>39</index>
    <Date>8/20/2018 5:12p</Date>
    <Customer>David Attenborough</Customer>
    <SKU>NSCT084</SKU>
    <Item>Food, Pangolin</Item>
    <Quantity>30</Quantity>
    <Unit>$.17</Unit>
    <Paid>$5.10</Paid>
  </row>
  <row>
    <index>40</index>
    <Date>8/21/2018 12:13p</Date>
    <Customer>Robert Armstrong</Customer>
    <SKU>FOOD214</SKU>
    <Item>BFF Oh My Gravy! Duck &amp; Salmon 2.8oz</Item>
    <Quantity>4</Quantity>
    <Unit>$12.95</Unit>
    <Paid>$51.8</Paid>
  </row>
  <row>
    <index>41</index>
    <Date>8/22/2018 9:38a</Date>
    <Customer>David Attenborough</Customer>
    <SKU>BIRD160</SKU>
    <Item>Food, Quoll</Item>
    <Quantity>1</Quantity>
    <Unit>29.95</Unit>
    <Paid>$29.95</Paid>
  </row>
  <row>
    <index>42</index>
    <Date>8/22/2018 2:13p</Date>
    <Customer>Jon Arbuckle</Customer>
    <SKU>FOOD170</SKU>
    <Item>Food, Adult Dog - 5kg</Item>
    <Quantity>1</Quantity>
    <Unit>$44.95</Unit>
    <Paid>$44.95</Paid>
  </row>
  <row>
    <index>43</index>
    <Date>8/22/2018 5:49p</Date>
    <Customer>מרוסיה ניסנהולץ</Customer>
    <SKU>SFTY052</SKU>
    <Item>Fire Extinguisher, kitchen-rated</Item>
    <Quantity>1</Quantity>
    <Unit>$61.70</Unit>
    <Paid>$61.70</Paid>
  </row>
  <row>
    <index>44</index>
    <Date>8/24/2018 11:42a</Date>
    <Customer>Robert Armstrong</Customer>
    <SKU>FOOD218</SKU>
    <Item>BFF Oh My Gravy! Chicken &amp; Salmon 2.8oz</Item>
    <Quantity>4</Quantity>
    <Unit>$12.95</Unit>
    <Paid>$51.8</Paid>
  </row>
  <row>
    <index>45</index>
    <Date>8/27/2018 3:05p</Date>
    <Customer>Monica Johnson</Customer>
    <SKU>NSCT443</SKU>
    <Item>Mealworms, Large (Tenebrio molitor) 100ct</Item>
    <Quantity>1</Quantity>
    <Unit>$1.99</Unit>
    <Paid>$1.99</Paid>
  </row>
  <row>
    <index>46</index>
    <Date>8/28/2018 5:32p</Date>
    <Customer>Susan Ashworth</Customer>
    <SKU>CAT020</SKU>
    <Item>Cat, Scottish Fold (Felis catus)</Item>
    <Quantity>1</Quantity>
    <Unit>$1,964.53</Unit>
    <Paid>$1964.53</Paid>
  </row>
  <row>
    <index>47</index>
    <Date>8/28/2018 5:32p</Date>
    <Customer>Susan Ashworth</Customer>
    <SKU>FOOD130</SKU>
    <Item>Food, Kitten 3kg</Item>
    <Quantity>2</Quantity>
    <Unit>$14.94</Unit>
    <Paid>$29.88</Paid>
  </row>
  <row>
    <index>48</index>
    <Date>8/29/2018 10:07a</Date>
    <Customer>Robert Armstrong</Customer>
    <SKU>FOOD219</SKU>
    <Item>BFF Oh My Gravy! Chicken &amp; Pumpkin 2.8oz</Item>
    <Quantity>4</Quantity>
    <Unit>$12.95</Unit>
    <Paid>$51.8</Paid>
  </row>
  <row>
    <index>49</index>
    <Date>8/31/2018 12:00a</Date>
    <Customer>Robert Armstrong</Customer>
    <SKU>FOOD219</SKU>
    <Item>BFF Oh My Gravy! Chicken &amp; Pumpkin 2.8oz</Item>
    <Quantity>144</Quantity>
    <Unit>$12.95</Unit>
    <Paid>$1864.8</Paid>
  </row>
  <row>
    <index>50</index>
    <Date>8/31/2018 5:57p</Date>
    <Customer>Juan Johnson</Customer>
    <SKU>REPT217</SKU>
    <Item>Lizard, Spinytail (Uromastyx ornatus)</Item>
    <Quantity>1</Quantity>
    <Unit>$99.95</Unit>
    <Paid>$99.95</Paid>
  </row>
</data>