{
      "raw data": {
            "JavaScript": 2393,
            "Java": 1842,
            "shell": 618,
            "Python": 3489,
            "C++/C": 1472,
            "C#": 292,
            "HTML": 1051,
            "SQL": 1772,
            "JSON": 206,
            "CSS": 356,
            "JSX": 2,
            "Swift": 63,
            "Ruby": 139,
            "PHP": 326,
            "Go": 34,
            "Kotlin": 4,
            "R": 89,
            "MATLAB": 13,
            "TypeScript": 7,
            "Scala": 11,
            "Haskell": 23,
            "Perl": 16,
            "Rust": 11,
            "Others": 10328
      },
      "clean data": {
            "JavaScript": 2393,
            "Java": 1842,
            "shell": 618,
            "Python": 8693,
            "C++/C": 1472,
            "C#": 292,
            "HTML": 1051,
            "SQL": 1772,
            "JSON": 206,
            "CSS": 356,
            "JSX": 2,
            "Swift": 63,
            "Ruby": 139,
            "PHP": 326,
            "Go": 34,
            "Kotlin": 4,
            "R": 89,
            "MATLAB": 13,
            "TypeScript": 7,
            "Scala": 11,
            "Haskell": 23,
            "Perl": 16,
            "Rust": 11,
            "Others": 5124
      }
}