{
      "raw data": {
            "JavaScript": 15676,
            "Java": 13444,
            "shell": 3612,
            "Python": 34516,
            "C++/C": 10744,
            "C#": 6721,
            "HTML": 9715,
            "SQL": 16173,
            "JSON": 6073,
            "CSS": 2006,
            "JSX": 9,
            "Swift": 5111,
            "Ruby": 5390,
            "PHP": 4971,
            "Go": 4879,
            "Kotlin": 65,
            "R": 4000,
            "MATLAB": 5248,
            "TypeScript": 198,
            "Scala": 3130,
            "Haskell": 101,
            "Perl": 73,
            "Rust": 129,
            "Others": 72724
      },
      "clean data": {
            "JavaScript": 15676,
            "Java": 13444,
            "shell": 3612,
            "Python": 73194,
            "C++/C": 10744,
            "C#": 6721,
            "HTML": 9715,
            "SQL": 16173,
            "JSON": 6073,
            "CSS": 2006,
            "JSX": 9,
            "Swift": 5111,
            "Ruby": 5390,
            "PHP": 4971,
            "Go": 4879,
            "Kotlin": 65,
            "R": 4000,
            "MATLAB": 5248,
            "TypeScript": 198,
            "Scala": 3130,
            "Haskell": 101,
            "Perl": 73,
            "Rust": 129,
            "Others": 34046
      }
}