{
    "$schema": "http://json-schema.org/draft-06/schema#",
    "type": "array",
    "items": {
        "$ref": "#/definitions/WelcomeElement"
    },
    "definitions": {
        "WelcomeElement": {
            "type": "object",
            "additionalProperties": false,
            "properties": {
                "name": {
                    "type": "string"
                },
                "models": {
                    "type": "array",
                    "items": {
                        "$ref": "#/definitions/Model"
                    }
                }
            },
            "required": [
                "models",
                "name"
            ],
            "title": "WelcomeElement"
        },
        "Model": {
            "type": "object",
            "additionalProperties": false,
            "properties": {
                "name": {
                    "type": "string"
                },
                "repo": {
                    "type": "string"
                },
                "files": {
                    "type": "array",
                    "items": {
                        "$ref": "#/definitions/File"
                    }
                }
            },
            "required": [
                "files",
                "name",
                "repo"
            ],
            "title": "Model"
        },
        "File": {
            "type": "object",
            "additionalProperties": false,
            "properties": {
                "name": {
                    "$ref": "#/definitions/Name"
                },
                "filename": {
                    "type": "string"
                },
                "disk_space": {
                    "type": "integer"
                }
            },
            "required": [
                "disk_space",
                "filename",
                "name"
            ],
            "title": "File"
        },
        "Name": {
            "type": "string",
            "enum": [
                "q2_K",
                "q3_K_L",
                "q4_0",
                "q4_1",
                "q4_K_M",
                "q5_0",
                "q5_1",
                "q5_K_M",
                "q6_K",
                "q8_0"
            ],
            "title": "Name"
        }
    }
}
