[
  {
    "title": "What is JSON Crack and what does it do?",
    "content": "JSON Crack is an online JSON viewer tool designed to visualize and analyze various data formats, including JSON, YAML, CSV, XML and more. It transforms complex data into intuitive graphs and tree views, making it ideal for developers, data analysts, and anyone working with structured data."
  },
  {
    "title": "How is it different than traditional JSON viewers?",
    "content": "While traditional JSON Viewers and JSON formatters only allow you to work with raw data on text editors, JSON Crack offers a unique visual representation of your data, making it easier to understand and analyze complex data structures. It provides a tree view and graph view to help you visualize your data in different ways."
  },
  {
    "title": "Is JSON Crack free?",
    "content": "Yes, JSON Crack is a free-forever open source online tool. For advanced features you may use ToDiagram.com"
  },
  {
    "title": "Is my data secure?",
    "content": "Yes. When you paste or import your data into the editor, it's processed only on your browser to create the visualization without going into our servers."
  },
  {
    "title": "Can I convert JSON to other formats using JSON Crack?",
    "content": "Yes, JSON Crack offers robust data conversion capabilities. You can easily convert JSON to YAML, XML to JSON, CSV to JSON and other popular formats."
  },
  {
    "title": "What kind of data formats are supported?",
    "content": "A wide range of data formats are supported including JSON, YAML, XML, CSV, and TOML."
  },
  {
    "title": "What size of data can I visualize?",
    "content": "It supports approximately 300 KB. It might vary depending on the complexity of the data and your hardware."
  },
  {
    "title": "Can I export the generated graphs?",
    "content": "Yes, you can export the generated graphs as PNG, JPEG, or SVG files."
  },
  {
    "title": "How to use VS Code extension?",
    "content": "You can use the VS Code extension to visualize JSON data directly in your editor. Install the extension from the VS Code marketplace and follow the instructions at extension's page."
  },
  {
    "title": "I've previously subscribed to the premium plan, where did it go?",
    "content": "We have moved the premium features to ToDiagram.com. You can use the same credentials to access the premium features or manage your subscription."
  }
]
