5TAYMEOUEQCYBVY2,1997-07-26,Ramiro,Stover,isiah2@gmail.com
9YO6R9J0A3BESV2E,2017-11-18,Bev,Satterfield,emeliabuxton2806@gmail.com
DF778R1NYEBBI6CT,2009-10-10,Angelina,Deboer,tashina18@yahoo.com
IZ6728JXLQJQATB1,2018-05-23,Annamae,Mccauley,armandjeffery@yahoo.com
H9K8P12NZAJQTYSL,1971-03-30,Francis,Almeida,inga.bayne@hotmail.com
XPR2NP4H347VBL9H,1990-08-19,Ruthanne,Carper,dewey-burk1938@links.com
73A1NJ0MJA6IZ8RO,1976-06-22,Debroah,Connolly,fatimah-oakes@cognitive.com
IRVKN98ISK7XJCSX,2002-08-25,Marinda,Duarte,brittani_hedges@soldiers.com
O4IMC2SQ4EL3UPBM,2022-09-05,Shawnta,Everson,gisela-albright@rolling.hanawa.fukushima.jp
STBYB9ANQYQKHDXF,2020-01-01,Vickey,Welch,isa_lewis@started.sumoto.hyogo.jp
