{
  "Settings": {
    "RenderRoutines": -1,
    "RenderDepth": 10
  },
  "Image": {
    "OutputFile": "./examples/dolly_%s.gif",
    "Height": 200,
    "Width": 400,
    "Samples": 100,
    "Patch": [0, 200, 0, 400]
  },
  "Scene": {
    "AmbientLight": [0.75, 0.85, 1.0],
    "Camera": {
      "LookFrom": [0, 0.5, 3],
      "LookAt": [0, 0, 0],
      "UpVector": [0, 1, 0],
      "FieldOfView": 30,
      "AspectRatio": 2,
      "Focus": 3.04,
      "Aperture": 0.04
    },
    "Objects": {
      "Spheres": [
        {
          "Center": [
            0,
            0,
            0
          ],
          "Radius": 0.5,
          "Surface": {
            "Type": "Lambertian",
            "Albedo": [
              0.8,
              0.1,
              0.1
            ]
          }
        },
        {
          "Center": [
            0,
            -1000.5,
            0
          ],
          "Radius": 1000,
          "Surface": {
            "Type": "Lambertian",
            "Albedo": [
              0.8,
              0.8,
              0.2
            ]
          }
        },
        {
          "Center": [
            1,
            0,
            -1
          ],
          "Radius": 0.5,
          "Surface": {
            "Type": "Metal",
            "Albedo": [
              0.8,
              0.3,
              0.5
            ],
            "Fuzz": 0.2
          }
        },
        {
          "Center": [
            -1,
            0,
            -1
          ],
          "Radius": 0.5,
          "Surface": {
            "Type": "Dielectric",
            "Albedo": [
              1.0,
              1.0,
              1.0
            ],
            "RefIndex": 1.3
          }
        },
        {
          "Center": [
            -1,
            0,
            -2.75
          ],
          "Radius": 0.5,
          "Surface": {
            "Type": "Lambertian",
            "Albedo": [
              0.2,
              0.3,
              0.7
            ]
          }
        },
        {
          "Center": [
            5,
            0.5,
            -10
          ],
          "Radius": 1,
          "Surface": {
            "Type": "Metal",
            "Albedo": [
              0.3,
              0.4,
              0.7
            ],
            "Fuzz": 0.0
          }
        }
      ]
    }
  }
}
