{
  /*
    A number of chords that are easy to define with in-scale keys.
    Sharp or flat near the number simply works as a halftone up/down.
  */
  "chords": {
    "chord": [
      { "name": "3", "keys": "1 3 5" },
      { "name": "sus2", "keys": "1 2 5" },
      { "name": "sus4", "keys": "1 4 5" },
      //{ "name": "aug", "keys": "1 3 5#" },
      //{ "name": "dim", "keys": "1 3 5b" },
      { "name": "6", "keys": "1 3 5 6" },
      { "name": "7", "keys": "1 3 5 7" },
      { "name": "7 sus2", "keys": "1 2 5 7" },
      { "name": "7 sus4", "keys": "1 4 5 7" },
      { "name": "9", "keys": "1 3 5 7 9" },
      { "name": "add9", "keys": "1 3 5 9" },
      { "name": "add9 sus4", "keys": "1 4 5 9" },
      { "name": "add11", "keys": "1 3 5 11" }
    ]
  }
}