{
  "colourSchemes": {
    "colourScheme": [
      {
        "name": "Helio Theme v2",
        "colourMap": {
          "text": "ffffffff",
          "headlineFill": "ff25252e",
          "pageFill": "ff25252e",
          "sidebarFill": "ff27262f",
          "dialogFill": "ff27262f",
          "lassoFill": "17000000",
          "lassoBorder": "ffad7fff",
          "buttonFill": "18ffffff",
          "frameBorder": "afffffff",
          "whiteKey": "ff34323d",
          "blackKey": "ff1b1a1f",
          "bar": "ff17151b",
          "row": "ff1a181b",
          "timeline": "ff212129",
          "iconBase": "2fffffff",
          "iconShadow": "ff000000"
        }
      },
      {
        "name": "Helio Theme v1",
        "colourMap": {
          "text": "ffffffff",
          "headlineFill": "ff373c6e",
          "pageFill": "ff373c6e",
          "sidebarFill": "ff3d4277",
          "dialogFill": "ff3d4277",
          "lassoFill": "70000000",
          "lassoBorder": "9ff0087",
          "buttonFill": "20ffffff",
          "frameBorder": "18ffffff",
          "whiteKey": "ff333875",
          "blackKey": "ff1e1d51",
          "bar": "27151240",
          "row": "ff151240",
          "timeline": "ff373c6e",
          "iconBase": "3f000000",
          "iconShadow": "1dffffff"
        }
      },
      {
        "name": "Ural Winter",
        "colourMap": {
          "text": "ff000000",
          "headlineFill": "ffefedff",
          "pageFill": "ffefedff",
          "sidebarFill": "ffefedff",
          "dialogFill": "ffdfe2f4",
          "lassoFill": "17ffffff",
          "lassoBorder": "ff260058",
          "buttonFill": "18000000",
          "frameBorder": "ca000000",
          "whiteKey": "ffd9e0f2",
          "blackKey": "ffc5d1e9",
          "bar": "ff97a2ba",
          "row": "ffcbd4e8",
          "timeline": "ffefedff",
          "iconShadow": "33ffffff",
          "iconBase": "55000000"
        }
      },
      {
        "name": "Grayscale",
        "colourMap":
        {
          "text": "fff0f0f0",
          "headlineFill": "ff242424",
          "pageFill": "ff242424",
          "sidebarFill": "ff242424",
          "dialogFill": "ff242424",
          "lassoFill": "25000000",
          "lassoBorder": "ffd4d4d4",
          "buttonFill": "ff252526",
          "frameBorder": "ff585858",
          "whiteKey": "ff1a1a1a",
          "blackKey": "ff141414",
          "bar": "ff3d3d3d",
          "row": "ff141414",
          "timeline": "ff242424",
          "iconBase": "29ffffff",
          "iconShadow": "ff000000"
        }
      },
      {
        "name": "Grayscale Light",
        "colourMap":
        {
          "text": "fff0f0f0",
          "headlineFill": "ff2d2d30",
          "pageFill": "ff2d2d30",
          "sidebarFill": "ff2d2d30",
          "dialogFill": "ff333333",
          "lassoFill": "25000000",
          "lassoBorder": "ffd4d4d4",
          "buttonFill": "18ffffff",
          "frameBorder": "ff585858",
          "whiteKey": "ff262626",
          "blackKey": "ff1e1e1e",
          "bar": "271b1923",
          "row": "ff1b1923",
          "timeline": "ff2d2d30",
          "iconBase": "27ffffff",
          "iconShadow": "ff000000"
        }
      },
      {
        "name": "Placid Dark",
        "colourMap":
        {
          "text": "ffffffff",
          "headlineFill": "ff25252e",
          "pageFill": "ff25252e",
          "sidebarFill": "ff27262f",
          "dialogFill": "ff27262f",
          "lassoFill": "17000000",
          "lassoBorder": "ffad7fff",
          "buttonFill": "18ffffff",
          "frameBorder": "afffffff",
          "whiteKey": "ff25252e",
          "blackKey": "ff23232b",
          "bar": "271b1923",
          "row": "ff1b1923",
          "timeline": "ff22222a",
          "iconBase": "29ffffff",
          "iconShadow": "ff000000"
        }
      }
    ]
  }
}