{
  "keyboardMappings": {
    "keyboardMapping": [
      {
        "name": "Pianoteq 19-edo multi-channel",
        "map": "0:17/14,1+,0/15,18+,0/16,18+,0/1,18+,0/2,18+,0/3,18+,0/4,18+,0/5,18+,0/6,18+,0/7,18+,0/8,18+,0/9,19+"
      },
      {
        "name": "Pianoteq 22-edo multi-channel",
        "map": "0:8/14,21+,8/15,21+,8/16,21+,8/1,21+,8/2,21+,8/3,21+,8/4,21+,8/5,21+,8/6,21+,8/7,21+,8/8,22+"
      },
      {
        "name": "Pianoteq 26-edo multi-channel",
        "map": "0:24/13,1+,0/14,25+,0/15,25+,0/16,25+,0/1,25+,0/2,25+,0/3,25+,0/4,25+,0/5,25+,0/6,25+,0/7,25+,0/8,26+"
      },
      {
        "name": "Pianoteq 31-edo multi-channel",
        "map": "0:15/13,15+,0/14,30+,0/15,30+,0/16,30+,0/1,30+,0/2,30+,0/3,30+,0/4,30+,0/5,30+,0/6,30+,0/7,30+,0/8,31+"
      }
    ]
  }
}