{
  "meters": {
    "meter": [
      {
        "name": "Common time",
        "time": "4/4",
        "metronome": "oona pana"
      },
      {
        "name": "Alla breve",
        "time": "2/4",
        "metronome": "oona"
      },
      {
        "name": "Waltz time",
        "time": "3/4",
        "metronome": "oonapa"
      },
      {
        "time": "5/4",
        "metronome": "oonapa pana"
      },
      {
        "time": "6/4",
        "metronome": "oonapa panapa"
      },
      {
        "time": "7/8",
        "metronome": "oonapa pana papa"
      },
      {
        "time": "9/8",
        "metronome": "oonapa panapa panapa"
      },
      {
        "time": "10/8",
        "metronome": "oona panapa pana panapa"
      },
      {
        "time": "11/8",
        "metronome": "oona papa oona pana panapa"
      },
      {
        "time": "13/8",
        "metronome": "oonapa panapa panapa pana papa"
      }
    ]
  }
}