{
  "scales": {
    "scale": [

      // 12 edo scales; source: "The Scale Omnibus"
      { "period": 12, "name": "Ionian", "intervals": "2 2 1 2 2 2 1" },
      { "period": 12, "name": "Aeolian", "intervals": "2 1 2 2 1 2 2" },
      { "period": 12, "name": "Lydian", "intervals": "2 2 2 1 2 2 1" },
      { "period": 12, "name": "Mixolydian", "intervals": "2 2 1 2 2 1 2" },
      { "period": 12, "name": "Dorian", "intervals": "2 1 2 2 2 1 2" },
      { "period": 12, "name": "Phrygian", "intervals": "1 2 2 2 1 2 2" },
      { "period": 12, "name": "Locrian", "intervals": "1 2 2 1 2 2 2" },
      { "period": 12, "name": "Melodic Major", "intervals": "2 2 1 2 1 2 2" },
      { "period": 12, "name": "Melodic Minor", "intervals": "2 1 2 2 2 2 1" },
      { "period": 12, "name": "Harmonic Major", "intervals": "2 2 1 2 1 3 1" },
      { "period": 12, "name": "Harmonic Minor", "intervals": "2 1 2 2 1 3 1" },
      { "period": 12, "name": "Hungarian Major", "intervals": "3 1 2 1 2 1 2" },
      { "period": 12, "name": "Hungarian Minor", "intervals": "2 1 1 3 1 3 1" },
      { "period": 12, "name": "Neapolitan Major", "intervals": "1 2 2 2 2 2 1" },
      { "period": 12, "name": "Neapolitan Minor", "intervals": "1 2 2 2 1 3 1" },
      { "period": 12, "name": "Romanian Major", "intervals": "1 3 2 1 2 1 2" },
      { "period": 12, "name": "Romanian Minor", "intervals": "2 1 3 1 2 1 2" },
      { "period": 12, "name": "Enigmatic", "intervals": "1 3 2 2 2 1 1" },
      { "period": 12, "name": "Enigmatic Minor", "intervals": "1 2 3 2 2 1 1" },
      { "period": 12, "name": "Ionian Augmented", "intervals": "2 2 1 3 1 2 1" },
      { "period": 12, "name": "Lydian Augmented", "intervals": "2 2 2 2 1 2 1" },
      { "period": 12, "name": "Lydian Diminished", "intervals": "2 1 3 1 2 2 1" },
      { "period": 12, "name": "Lydian Dominant", "intervals": "2 2 2 1 2 1 2" },
      { "period": 12, "name": "Mixolydian Augmented", "intervals": "2 2 1 3 1 1 2" },
      { "period": 12, "name": "Phrygian Dominant", "intervals": "1 3 1 2 1 2 2" },
      { "period": 12, "name": "Ultraphrygian", "intervals": "1 2 1 3 1 1 3" },
      { "period": 12, "name": "Locrian Dominant", "intervals": "1 3 1 1 2 2 2" },
      { "period": 12, "name": "Superlocrian", "intervals": "1 1 2 2 2 2 2" },
      { "period": 12, "name": "Ultralocrian", "intervals": "1 2 1 2 2 1 3" },
      { "period": 12, "name": "Major Locrian", "intervals": "2 2 1 1 2 2 2" },
      { "period": 12, "name": "Leading Whole-Tone", "intervals": "2 2 2 2 2 1 1" },
      { "period": 12, "name": "Double Harmonic", "intervals": "1 3 1 2 1 3 1" },
      { "period": 12, "name": "Half Diminished", "intervals": "2 1 2 1 2 2 2" },
      { "period": 12, "name": "Altered Dominant", "intervals": "1 2 1 2 2 2 2" },
      { "period": 12, "name": "Blues Heptatonic", "intervals": "2 1 2 1 3 1 2" },
      { "period": 12, "name": "Blues Phrygian", "intervals": "1 2 2 1 1 3 2" },
      { "period": 12, "name": "Blues Modified", "intervals": "2 1 2 1 1 3 2" },
      { "period": 12, "name": "Blues Mixed", "intervals": "3 1 1 1 1 3 2" },
      { "period": 12, "name": "Blues Leading Tone", "intervals": "3 2 1 1 3 1 1" },
      { "period": 12, "name": "Rock'n'Roll", "intervals": "3 1 1 2 2 1 2" },

      // 19 edo scales; source: https://en.xen.wiki/w/19edo_modes
      { "period": 19, "name": "Melodic Minor", "intervals": "2 3 2 3 3 3 3" },
      { "period": 19, "name": "Harmonic Minor", "intervals": "2 3 2 3 3 2 4" },
      { "period": 19, "name": "Harmonic Major", "intervals": "2 3 2 4 2 3 3" },
      { "period": 19, "name": "Deutone", "intervals": "1 3 3 3 3 3 3" },
      { "period": 19, "name": "Meantone", "intervals": "2 3 3 2 3 3 3" },
      { "period": 19, "name": "Ionian", "intervals": "3 3 2 3 3 3 2" },
      { "period": 19, "name": "Aeolian", "intervals": "3 2 3 3 2 3 3" },
      { "period": 19, "name": "Dorian", "intervals": "3 2 3 3 3 2 3" },
      { "period": 19, "name": "Lydian", "intervals": "3 3 3 2 3 3 2" },
      { "period": 19, "name": "Mixolydian", "intervals": "3 3 2 3 3 2 3" },
      { "period": 19, "name": "Locrian", "intervals": "2 3 3 2 3 3 3" },
      { "period": 19, "name": "Major Locrian", "intervals": "2 2 3 3 3 3 3" },
      { "period": 19, "name": "Phrygian", "intervals": "2 3 3 3 2 3 3 "},

      // 22 edo scales; source: https://en.xen.wiki/w/22edo
      { "period": 22, "name": "Harmonic Minor", "intervals": "4 2 3 4 2 5 2" },
      { "period": 22, "name": "Superpyth, diatonic", "intervals": "4 1 4 4 4 1 4" },
      { "period": 22, "name": "Just major", "intervals": "4 3 2 4 3 4 2" },
      { "period": 22, "name": "Natural minor", "intervals": "4 2 3 4 2 4 3" },
      { "period": 22, "name": "Tetrachordal major", "intervals": "4 3 2 4 4 3 2" },
      { "period": 22, "name": "Tetrachordal minor", "intervals": "4 2 3 4 2 3 4" },
      { "period": 22, "name": "Just harmonic minor", "intervals": "4 2 3 4 2 5 2" },
      { "period": 22, "name": "Just harmonic major", "intervals": "4 3 2 4 2 5 2" },
      { "period": 22, "name": "Just melodic minor", "intervals": "4 2 3 4 3 4 2" },
      { "period": 22, "name": "Superpyth harmonic minor", "intervals": "4 1 4 4 1 7 1" },
      { "period": 22, "name": "Superpyth harmonic major", "intervals": "4 4 1 4 1 7 1" },
      { "period": 22, "name": "Superpyth melodic minor", "intervals": "4 1 4 4 4 4 1" },
      { "period": 22, "name": "Superpyth double harmonic", "intervals": "1 7 1 4 1 7 1" },
      { "period": 22, "name": "Porcupine bright major", "intervals": "4 3 3 3 3 4 2" },
      { "period": 22, "name": "Porcupine bright minor", "intervals": "4 2 4 3 3 3 3" },
      { "period": 22, "name": "Porcupine dark minor", "intervals": "4 2 3 4 3 3 3" },

      // 26 edo scales; home-cooked approximations of 12-edo
      { "period": 26, "name": "Ionian", "intervals": "4 5 2 4 5 4 2" },
      { "period": 26, "name": "Aeolian", "intervals": "4 3 4 4 2 5 4" },
      { "period": 26, "name": "Lydian", "intervals": "4 5 4 2 5 4 2" },
      { "period": 26, "name": "Mixolydian", "intervals": "4 5 2 4 5 2 4" },
      { "period": 26, "name": "Dorian", "intervals": "4 3 4 4 5 2 4" },
      { "period": 26, "name": "Phrygian", "intervals": "2 5 4 4 2 5 4" },
      { "period": 26, "name": "Locrian", "intervals": "2 5 4 2 4 5 4" },
      { "period": 26, "name": "Melodic Major", "intervals": "4 5 2 4 2 5 4" },
      { "period": 26, "name": "Melodic Minor", "intervals": "4 3 4 4 5 4 2" },
      { "period": 26, "name": "Harmonic Major", "intervals": "4 5 2 4 2 7 2" },
      { "period": 26, "name": "Harmonic Minor", "intervals": "4 3 4 4 2 7 2" },
      { "period": 26, "name": "Neapolitan Major", "intervals": "2 5 4 4 5 4 2" },
      { "period": 26, "name": "Neapolitan Minor", "intervals": "2 5 4 4 2 7 2" },
      { "period": 26, "name": "Romanian Major", "intervals": "2 7 4 2 5 2 4" },
      { "period": 26, "name": "Romanian Minor", "intervals": "4 3 6 2 5 2 4" },

      // 31 edo scales; source: https://en.xen.wiki/w/31edo
      { "period": 31, "name": "Major", "intervals": "5 5 3 5 5 5 3" },
      { "period": 31, "name": "Natural Minor", "intervals": "5 3 5 5 3 5 5" },
      { "period": 31, "name": "Melodic Minor", "intervals": "5 3 5 5 5 5 3" },
      { "period": 31, "name": "Harmonic Major", "intervals": "5 5 3 5 3 7 3" },
      { "period": 31, "name": "Harmonic Minor", "intervals": "5 3 5 5 3 7 3" },
      { "period": 31, "name": "Major-Minor", "intervals": "5 5 3 5 3 5 5" },
      { "period": 31, "name": "Septimal Natural Minor", "intervals": "5 2 6 5 2 5 6" },
      { "period": 31, "name": "Neutral Diatonic Mixolydian", "intervals": "4 4 5 4 4 5 5" },
      { "period": 31, "name": "Neutral Diatonic Lydian", "intervals": "4 5 4 4 5 5 4" },
      { "period": 31, "name": "Neutral Diatonic Phrygian", "intervals": "5 4 4 5 5 4 4" },
      { "period": 31, "name": "Neutral Diatonic Dorian", "intervals": "4 4 5 5 4 4 5" },
      { "period": 31, "name": "Neutral Diatonic Hypolydian", "intervals": "4 5 5 4 4 5 4" },
      { "period": 31, "name": "Neutral Diatonic Hypophrygian", "intervals": "5 5 4 4 5 4 4" },
      { "period": 31, "name": "Neutral Diatonic Hypodorian", "intervals": "5 4 4 5 4 4 5" },
      { "period": 31, "name": "Hemiolic Chromatic Mixolydian", "intervals": "2 2 9 2 2 9 5" },
      { "period": 31, "name": "Hemiolic Chromatic Lydian", "intervals": "2 9 2 2 9 5 2" },
      { "period": 31, "name": "Hemiolic Chromatic Phrygian", "intervals": "9 2 2 9 5 2 2" },
      { "period": 31, "name": "Hemiolic Chromatic Dorian", "intervals": "2 2 9 5 2 2 9" },  
      { "period": 31, "name": "Hemiolic Chromatic Hypolydian", "intervals": "2 9 5 2 2 9 2" },
      { "period": 31, "name": "Hemiolic Chromatic Hypophrygian", "intervals": "9 5 2 2 9 2 2" },
      { "period": 31, "name": "Hemiolic Chromatic Hypodorian", "intervals": "5 2 2 9 2 2 9" },
      { "period": 31, "name": "Ratio 2:3 Chromatic Mixolydian", "intervals": "2 3 8 2 3 8 5" },
      { "period": 31, "name": "Ratio 2:3 Chromatic Lydian", "intervals": "3 8 2 3 8 5 2" },
      { "period": 31, "name": "Ratio 2:3 Chromatic Phrygian", "intervals": "8 2 3 8 5 2 3" },
      { "period": 31, "name": "Ratio 2:3 Chromatic Dorian", "intervals": "2 3 8 5 2 3 8" },
      { "period": 31, "name": "Ratio 2:3 Chromatic Hypolydian", "intervals": "3 8 5 2 3 8 2" },
      { "period": 31, "name": "Ratio 2:3 Chromatic Hypophrygian", "intervals": "8 5 2 3 8 2 3" },
      { "period": 31, "name": "Ratio 2:3 Chromatic Hypodorian", "intervals": "5 2 3 8 2 3 8" },
      { "period": 31, "name": "Intense Diatonic Mixolydian", "intervals": "3 5 5 3 5 5 5" },
      { "period": 31, "name": "Intense Diatonic Phrygian", "intervals": "5 3 5 5 5 3 5" },
      { "period": 31, "name": "Intense Diatonic Dorian", "intervals": "3 5 5 5 3 5 5" },
      { "period": 31, "name": "Intense Diatonic Hypolydian", "intervals": "5 5 5 3 5 5 3" },
      { "period": 31, "name": "Intense Diatonic Hypophrygian", "intervals": "5 5 3 5 5 3 5" },
      { "period": 31, "name": "Soft Diatonic Mixolydian", "intervals": "2 5 6 2 5 6 5" },
      { "period": 31, "name": "Soft Diatonic Lydian", "intervals": "5 6 2 5 6 5 2" },
      { "period": 31, "name": "Soft Diatonic Phrygian", "intervals": "6 2 5 6 5 2 5" },
      { "period": 31, "name": "Soft Diatonic Dorian", "intervals": "2 5 6 5 2 5 6" },
      { "period": 31, "name": "Soft Diatonic Hypolydian", "intervals": "5 6 5 2 5 6 2" },
      { "period": 31, "name": "Soft Diatonic Hypophrygian", "intervals": "6 5 2 5 6 2 5" },
      { "period": 31, "name": "Soft Diatonic Hypodorian", "intervals": "5 2 5 6 2 5 6" }
    ]
  }
}