{"translations":{"locale":[
{"id":"en","name":"English","pluralEquation":"({x}==1 ? 1 : 2)","literal":[{"id":590543227,"tr":"Project start"},{"id":242354915,"tr":"New project"},{"id":973370257,"tr":"New track"},{"id":3682062690,"tr":"Tempo"},{"id":3475921130,"tr":"Volume"},{"id":3279548549,"tr":"Studio"},{"id":3086290873,"tr":"Orchestra pit"},{"id":3686062664,"tr":"Settings"},{"id":1113353303,"tr":"Versions"},{"id":3324938734,"tr":"Patterns"},{"id":1791647634,"tr":"Keyboard mapping"},{"id":855043400,"tr":"Rename instrument"},{"id":1662581644,"tr":"Rename"},{"id":3826312522,"tr":"Add annotation"},{"id":726307987,"tr":"Enter annotation text:"},{"id":2359576018,"tr":"Edit annotation"},{"id":3364643503,"tr":"Change time signature"},{"id":2076234654,"tr":"Add time signature"},{"id":1619543104,"tr":"Change time signature"},{"id":2990388381,"tr":"Enter new meter:"},{"id":286708268,"tr":"Add key signature"},{"id":1824141856,"tr":"Change key signature"},{"id":697122941,"tr":"Add key and scale:"},{"id":3602788084,"tr":"Rename track"},{"id":1527112919,"tr":"Add track"},{"id":3176377209,"tr":"Create arpeggiator"},{"id":2763713241,"tr":"Create"},{"id":790055919,"tr":"Delete the project permanently (no undo)?"},{"id":2639456521,"tr":"Type in the project name to confirm removal:"},{"id":546999896,"tr":"Login with GitHub"},{"id":3271309150,"tr":"Cancel"},{"id":1485521680,"tr":"Apply"},{"id":4193497783,"tr":"Delete"},{"id":254241575,"tr":"Add"},{"id":1879653305,"tr":"Save"},{"id":771855172,"tr":"Cancel"},{"id":2039478499,"tr":"Copy"},{"id":2036717174,"tr":"Cut"},{"id":3581851673,"tr":"Paste"},{"id":456433817,"tr":"Delete"},{"id":2484662410,"tr":"Presets"},{"id":1574835372,"tr":"Save preset"},{"id":1795357495,"tr":"Group by name"},{"id":1304913776,"tr":"Group by colour"},{"id":667352373,"tr":"Group by instrument"},{"id":1209781982,"tr":"No grouping"},{"id":1170600044,"tr":"Selected plugins"},{"id":550512201,"tr":"Selection"},{"id":1799687443,"tr":"Selection"},{"id":2965047838,"tr":"Selected changes"},{"id":481992152,"tr":"Selected version"},{"id":3378394717,"tr":"Commit"},{"id":3356001695,"tr":"Reset"},{"id":213486763,"tr":"Select all"},{"id":2097945642,"tr":"Select none"},{"id":1591962748,"tr":"Checkout revision"},{"id":244233732,"tr":"Push branch"},{"id":211811327,"tr":"Pull branch"},{"id":318608129,"tr":"Create new instrument"},{"id":3763751911,"tr":"Add to instrument"},{"id":1725194459,"tr":"Remove from list"},{"id":1571929583,"tr":"Disconnect from all"},{"id":1277706921,"tr":"Remove from instrument"},{"id":801106519,"tr":"Receive audio from"},{"id":186143671,"tr":"Send audio to"},{"id":2211432018,"tr":"Receive MIDI from"},{"id":3414815026,"tr":"Send MIDI to"},{"id":2937191410,"tr":"Arpeggiate"},{"id":1675985063,"tr":"Refactor"},{"id":4102578342,"tr":"Rescale"},{"id":2665682,"tr":"Quantize"},{"id":1022157835,"tr":"Time divisions"},{"id":4252892904,"tr":"Move to track"},{"id":867845023,"tr":"Extract as new track"},{"id":3841194431,"tr":"Edit"},{"id":4241810463,"tr":"Transpose up"},{"id":716604346,"tr":"Transpose down"},{"id":2972173159,"tr":"Hide changes"},{"id":1834413546,"tr":"Restore changes"},{"id":2478565035,"tr":"Toggle changes"},{"id":3235320386,"tr":"Commit all"},{"id":1710985244,"tr":"Reset all"},{"id":2874819640,"tr":"Sync all revisions"},{"id":1688770220,"tr":"Create arp from selection"},{"id":1190757224,"tr":"Modifiers"},{"id":3028225703,"tr":"Add modifiers"},{"id":879252112,"tr":"Apply all"},{"id":4180138779,"tr":"Enable all"},{"id":1885708168,"tr":"Disable all"},{"id":2532514103,"tr":"Delete all"},{"id":1028168276,"tr":"Cleanup overlaps"},{"id":846647849,"tr":"Inverse up"},{"id":1220787472,"tr":"Inverse down"},{"id":2012105039,"tr":"Retrograde"},{"id":822935817,"tr":"Melodic inversion"},{"id":507958643,"tr":"In-scale transpose up"},{"id":1007904678,"tr":"In-scale transpose down"},{"id":2869155537,"tr":"Align to scale"},{"id":1528798874,"tr":"Legato"},{"id":2794105238,"tr":"Staccato"},{"id":3083511528,"tr":"Quantize to 1"},{"id":3133844385,"tr":"Quantize to 1/2"},{"id":3167399623,"tr":"Quantize to 1/4"},{"id":2966068195,"tr":"Quantize to 1/8"},{"id":839167866,"tr":"Quantize to 1/16"},{"id":3054107764,"tr":"Quantize to 1/32"},{"id":1651351091,"tr":"Merge tuplets"},{"id":1668128710,"tr":"Tuplet"},{"id":1684906329,"tr":"Triplet"},{"id":1701683948,"tr":"Quadruplet"},{"id":1718461567,"tr":"Quintuplet"},{"id":1735239186,"tr":"Sextuplet"},{"id":1752016805,"tr":"Septuplet"},{"id":1768794424,"tr":"Octuplet"},{"id":1785572043,"tr":"Nonuplet"},{"id":1964787372,"tr":"Delete project"},{"id":1290661052,"tr":"Unload project"},{"id":928399350,"tr":"Add"},{"id":3317557735,"tr":"Add track"},{"id":645576901,"tr":"Add automation"},{"id":2074424237,"tr":"Master tempo"},{"id":3181537267,"tr":"Import MIDI"},{"id":286266083,"tr":"Render"},{"id":283934353,"tr":"Render to FLAC"},{"id":3770425203,"tr":"Render to WAV"},{"id":2784651386,"tr":"Export to MIDI"},{"id":2111085155,"tr":"Saved to"},{"id":1960742513,"tr":"Refactor"},{"id":1072522987,"tr":"Transpose up"},{"id":1534443262,"tr":"Transpose down"},{"id":3619405988,"tr":"Arrange"},{"id":3628117647,"tr":"Edit"},{"id":4050824030,"tr":"Versions"},{"id":1534016342,"tr":"Change instrument"},{"id":1258819190,"tr":"Change temperament"},{"id":964249579,"tr":"Convert to temperament"},{"id":68408789,"tr":"Rename"},{"id":322545603,"tr":"Edit routing"},{"id":1071720068,"tr":"Show UI"},{"id":3040463687,"tr":"Add effect node"},{"id":4272673891,"tr":"Add instrument node"},{"id":3491839653,"tr":"Scan common plugin folders"},{"id":2053497241,"tr":"Scan custom plugin folder"},{"id":1417743331,"tr":"Add"},{"id":4103869326,"tr":"Edit keyboard mapping"},{"id":2912552282,"tr":"Load Scala mapping(s)"},{"id":3333104885,"tr":"Reset keyboard mapping"},{"id":4045853540,"tr":"Select all"},{"id":3311753376,"tr":"Set instrument"},{"id":2444332244,"tr":"Set channel"},{"id":3446786075,"tr":"Rename"},{"id":1771713166,"tr":"Duplicate"},{"id":3026643362,"tr":"Delete track"},{"id":2210761276,"tr":"Start a new project"},{"id":482801920,"tr":"Open a project"},{"id":3206888047,"tr":"Mute"},{"id":2577061788,"tr":"Unmute"},{"id":2776333865,"tr":"Solo"},{"id":3607741458,"tr":"Unsolo"},{"id":3644054957,"tr":"Back"},{"id":2706383387,"tr":"Title"},{"id":2173071876,"tr":"Author"},{"id":468920255,"tr":"Description"},{"id":3297839210,"tr":"License"},{"id":156268671,"tr":"Length"},{"id":361606965,"tr":"Started at"},{"id":221412530,"tr":"Version control"},{"id":2925408387,"tr":"Consists of"},{"id":407797718,"tr":"File location"},{"id":3440049797,"tr":"Temperament"},{"id":3745011691,"tr":"Copyright"},{"id":2795589943,"tr":"Available audio plugins"},{"id":845927021,"tr":"Instruments on stage"},{"id":4038033467,"tr":"Plugin vendor and name"},{"id":2705752965,"tr":"Category"},{"id":888072614,"tr":"Format"},{"id":4126219390,"tr":"Choose a folder to scan"},{"id":683562187,"tr":"Create new project"},{"id":2481288298,"tr":"Choose a file to export"},{"id":850836736,"tr":"Choose a file to load"},{"id":2322273969,"tr":"Choose a file to import"},{"id":91911233,"tr":"Render to:"},{"id":4017198753,"tr":"Render"},{"id":2419280861,"tr":"Abort render"},{"id":3291361058,"tr":"Set tempo, BPM:"},{"id":976005237,"tr":"Tap tempo"},{"id":3060852065,"tr":"Set one tempo"},{"id":3297203332,"tr":"Projects list"},{"id":2380319525,"tr":"Timeline and tracks"},{"id":776915199,"tr":"Chord compiler"},{"id":2253285864,"tr":"Move notes"},{"id":2262892612,"tr":"Toggle mute"},{"id":241328026,"tr":"Toggle solo"},{"id":2460892418,"tr":"Toggle scales highlighting"},{"id":4143889728,"tr":"Toggle show note names"},{"id":102780623,"tr":"Toggle loop over selection"},{"id":2550848205,"tr":"Suggestion"},{"id":778957150,"tr":"Generate chord"},{"id":276323220,"tr":"Root key"},{"id":2235749264,"tr":"Tonic"},{"id":2286082121,"tr":"Supertonic"},{"id":2269304502,"tr":"Mediant"},{"id":2319637359,"tr":"Subdominant"},{"id":2302859740,"tr":"Dominant"},{"id":2353192597,"tr":"Submediant"},{"id":2336414978,"tr":"Subtonic"},{"id":564697854,"tr":"Audio"},{"id":343846724,"tr":"Device"},{"id":3423243260,"tr":"Driver"},{"id":3486057338,"tr":"Sample rate"},{"id":1105659109,"tr":"Buffer size"},{"id":3767285732,"tr":"Record MIDI from"},{"id":696182972,"tr":"Send MIDI to"},{"id":676628538,"tr":"No MIDI output"},{"id":3059666133,"tr":"No MIDI input"},{"id":3794477833,"tr":"Readjust the MIDI data from 12-tone keyboard for microtonal temperaments"},{"id":3262042980,"tr":"Check for updates"},{"id":975670367,"tr":"Restart required"},{"id":3290169895,"tr":"Synchronized settings"},{"id":2262216348,"tr":"Use OpenGL renderer"},{"id":2410691230,"tr":"UI theme"},{"id":3875839795,"tr":"Font"},{"id":823412658,"tr":"Use native title bar"},{"id":1246372377,"tr":"UI animations enabled"},{"id":1920727158,"tr":"Use mouse wheel for panning by default"},{"id":748298622,"tr":"Vertical panning by default"},{"id":2561004784,"tr":"Vertical zooming by default"},{"id":3294950313,"tr":"Catch playhead"},{"id":192764448,"tr":"Enter commit message:"},{"id":3667121828,"tr":"Commit"},{"id":323214936,"tr":"Reset selected changes?"},{"id":2486920796,"tr":"Reset"},{"id":2688976833,"tr":"The project contains uncommitted changes!"},{"id":2748830343,"tr":"Checkout revision"},{"id":1832656470,"tr":"Helio Default"},{"id":2150192494,"tr":"MIDI Output"},{"id":2148771953,"tr":"SoundFont Player"},{"id":1498241359,"tr":"Metronome"},{"id":8750358,"tr":"Built-in metronome sound"},{"id":507341059,"tr":"Added"},{"id":988340957,"tr":"Removed"},{"id":3044129637,"tr":"Changed"},{"id":3966830291,"tr":"Select changes to save."},{"id":361657737,"tr":"Select changes to reset."},{"id":2239706952,"tr":"Cannot revert stashed changes, the stage is not empty!"},{"id":2092556627,"tr":"Project changes"},{"id":755494729,"tr":"Revision tree"},{"id":1466807325,"tr":"All changes stashed"},{"id":740600380,"tr":"All changes restored"},{"id":3204423818,"tr":"Project timeline"},{"id":2510909962,"tr":"Project info"},{"id":3211322524,"tr":"version"},{"id":4000436521,"tr":"and"},{"id":2398581504,"tr":"Network error"},{"id":1242033084,"tr":"Yesterday"},{"id":1606577149,"tr":"initialized"},{"id":18555880,"tr":"license changed"},{"id":31830545,"tr":"title changed"},{"id":4021598998,"tr":"author changed"},{"id":472988657,"tr":"description changed"},{"id":2880036239,"tr":"temperament changed"},{"id":2182619756,"tr":"color changed"},{"id":4253760835,"tr":"empty sequence"},{"id":2602248368,"tr":"empty pattern"},{"id":2109934724,"tr":"instrument changed"},{"id":3243932809,"tr":"controller changed"},{"id":3210663368,"tr":"channel changed"},{"id":2141501166,"tr":"Hotkey:"},{"id":815908432,"tr":"Switch between the piano roll and the pattern roll"},{"id":1988206468,"tr":"Zoom in"},{"id":108079057,"tr":"Zoom out"},{"id":3920505673,"tr":"Zoom to fit the current track"},{"id":2650851948,"tr":"Lock the current zoom level"},{"id":1764544841,"tr":"Jump to the next anchor"},{"id":1561095669,"tr":"Jump to the previous anchor"},{"id":377363115,"tr":"Toggle scales highlighting"},{"id":2823305337,"tr":"Toggle note name guides"},{"id":3951169083,"tr":"Toggle project mini-map"},{"id":127431244,"tr":"Toggle volume and automation editors"},{"id":1589663718,"tr":"Toggle loop over selection"},{"id":2079190982,"tr":"Edit mode: default (selection and editing)"},{"id":251736895,"tr":"Edit mode: pen (insert notes and clips)"},{"id":649474182,"tr":"Edit mode: drag (hold space to toggle this mode)"},{"id":639175196,"tr":"Edit mode: knife (cut/merge notes and clips)"},{"id":2896458336,"tr":"Chord tool for playing with harmony and progressions"},{"id":3209268458,"tr":"Arpeggiators"},{"id":1719740774,"tr":"Add new track"},{"id":961840392,"tr":"Toggle metronome click"},{"id":2265199415,"tr":"Toggle recording mode (waits for the first input to start recording)"},{"id":3144845477,"tr":"Start or stop playback"},{"id":2361001723,"tr":"Ionian"},{"id":1921553488,"tr":"Aeolian"},{"id":2382045982,"tr":"Lydian"},{"id":994442821,"tr":"Mixolydian"},{"id":4042978826,"tr":"Dorian"},{"id":2049980375,"tr":"Phrygian"},{"id":1360799947,"tr":"Locrian"},{"id":4047078079,"tr":"Melodic Major"},{"id":2619486323,"tr":"Melodic Minor"},{"id":215598663,"tr":"Harmonic Major"},{"id":3945887243,"tr":"Harmonic Minor"},{"id":1089159483,"tr":"Hungarian Major"},{"id":827147463,"tr":"Hungarian Minor"},{"id":2453297237,"tr":"Neapolitan Major"},{"id":417732145,"tr":"Neapolitan Minor"},{"id":232492715,"tr":"Romanian Major"},{"id":3308214711,"tr":"Romanian Minor"},{"id":1298743296,"tr":"Enigmatic"},{"id":892084257,"tr":"Enigmatic Minor"},{"id":2284927933,"tr":"Ionian Augmented"},{"id":2272612354,"tr":"Lydian Dominant"},{"id":4136500064,"tr":"Lydian Augmented"},{"id":1416518516,"tr":"Lydian Diminished"},{"id":4231080975,"tr":"Mixolydian Augmented"},{"id":3914030977,"tr":"Phrygian Dominant"},{"id":805807533,"tr":"Locrian Dominant"},{"id":3160581502,"tr":"Major Locrian"},{"id":2202579943,"tr":"Ultraphrygian"},{"id":2837056976,"tr":"Superlocrian"},{"id":2605108987,"tr":"Ultralocrian"},{"id":1965071581,"tr":"Leading Whole-Tone"},{"id":1367319047,"tr":"Double Harmonic"},{"id":626733046,"tr":"Half Diminished"},{"id":2141989878,"tr":"Altered Dominant"},{"id":2402117461,"tr":"Blues Heptatonic"},{"id":860101336,"tr":"Blues Phrygian"},{"id":3745452021,"tr":"Blues Modified"},{"id":553375353,"tr":"Blues Mixed"},{"id":32797868,"tr":"Blues Leading Tone"},{"id":3801549673,"tr":"Rock'n'Roll"},{"id":1931755849,"tr":"Audio Input"},{"id":4200658534,"tr":"Audio Output"},{"id":3154594048,"tr":"MIDI Input"},{"id":2483423585,"tr":"MIDI Output"}],"pluralLiteral":[{"id":1853236155,"tr":[{"name":"{x} input channel","pluralForm":"1"},{"name":"{x} input channels","pluralForm":"2"}]},{"id":4237797194,"tr":[{"name":"{x} output channel","pluralForm":"1"},{"name":"{x} output channels","pluralForm":"2"}]},{"id":4187362806,"tr":[{"name":"added {x} note","pluralForm":"1"},{"name":"added {x} notes","pluralForm":"2"}]},{"id":2677001308,"tr":[{"name":"removed {x} note","pluralForm":"1"},{"name":"removed {x} notes","pluralForm":"2"}]},{"id":1115369500,"tr":[{"name":"changed {x} note","pluralForm":"1"},{"name":"changed {x} notes","pluralForm":"2"}]},{"id":1670191088,"tr":[{"name":"added {x} event","pluralForm":"1"},{"name":"added {x} events","pluralForm":"2"}]},{"id":4188356498,"tr":[{"name":"removed {x} event","pluralForm":"1"},{"name":"removed {x} events","pluralForm":"2"}]},{"id":1822865234,"tr":[{"name":"changed {x} event","pluralForm":"1"},{"name":"changed {x} events","pluralForm":"2"}]},{"id":2539740572,"tr":[{"name":"added {x} clip","pluralForm":"1"},{"name":"added {x} clips","pluralForm":"2"}]},{"id":1838846406,"tr":[{"name":"removed {x} clip","pluralForm":"1"},{"name":"removed {x} clips","pluralForm":"2"}]},{"id":3829748102,"tr":[{"name":"changed {x} clip","pluralForm":"1"},{"name":"changed {x} clips","pluralForm":"2"}]},{"id":159801621,"tr":[{"name":"added {x} annotation","pluralForm":"1"},{"name":"added {x} annotations","pluralForm":"2"}]},{"id":335767671,"tr":[{"name":"removed {x} annotation","pluralForm":"1"},{"name":"removed {x} annotations","pluralForm":"2"}]},{"id":1776240695,"tr":[{"name":"changed {x} annotation","pluralForm":"1"},{"name":"changed {x} annotations","pluralForm":"2"}]},{"id":2264722107,"tr":[{"name":"added {x} time signature","pluralForm":"1"},{"name":"added {x} time signatures","pluralForm":"2"}]},{"id":755875505,"tr":[{"name":"removed {x} time signature","pluralForm":"1"},{"name":"removed {x} time signatures","pluralForm":"2"}]},{"id":1775129073,"tr":[{"name":"changed {x} time signature","pluralForm":"1"},{"name":"changed {x} time signatures","pluralForm":"2"}]},{"id":3133606715,"tr":[{"name":"added {x} key signature","pluralForm":"1"},{"name":"added {x} key signatures","pluralForm":"2"}]},{"id":1992957705,"tr":[{"name":"removed {x} key signature","pluralForm":"1"},{"name":"removed {x} key signatures","pluralForm":"2"}]},{"id":4237699145,"tr":[{"name":"changed {x} key signature","pluralForm":"1"},{"name":"changed {x} key signatures","pluralForm":"2"}]},{"id":2895268064,"tr":[{"name":"{x} note","pluralForm":"1"},{"name":"{x} notes","pluralForm":"2"}]},{"id":3458549142,"tr":[{"name":"{x} event","pluralForm":"1"},{"name":"{x} events","pluralForm":"2"}]},{"id":1029569651,"tr":[{"name":"{x} annotation","pluralForm":"1"},{"name":"{x} annotations","pluralForm":"2"}]},{"id":2984658661,"tr":[{"name":"{x} time signature","pluralForm":"1"},{"name":"{x} time signatures","pluralForm":"2"}]},{"id":3241281125,"tr":[{"name":"{x} key signature","pluralForm":"1"},{"name":"{x} key signatures","pluralForm":"2"}]},{"id":3319356210,"tr":[{"name":"{x} clip","pluralForm":"1"},{"name":"{x} clips","pluralForm":"2"}]},{"id":3631037336,"tr":[{"name":"{x} pattern","pluralForm":"1"},{"name":"{x} patterns","pluralForm":"2"}]},{"id":2452992563,"tr":[{"name":"{x} track","pluralForm":"1"},{"name":"{x} tracks","pluralForm":"2"}]},{"id":1323194979,"tr":[{"name":"{x} revision","pluralForm":"1"},{"name":"{x} revisions","pluralForm":"2"}]},{"id":3610422080,"tr":[{"name":"{x} delta","pluralForm":"1"},{"name":"{x} deltas","pluralForm":"2"}]},{"id":2855433704,"tr":[{"name":"{x} minute","pluralForm":"1"},{"name":"{x} minutes","pluralForm":"2"}]},{"id":4122223288,"tr":[{"name":"{x} second","pluralForm":"1"},{"name":"{x} seconds","pluralForm":"2"}]},{"id":1807553330,"tr":{"name":"moved from {x}","pluralForm":"1"}}]},
{"id":"ru","name":"Русский","pluralEquation":"({x}%10==1 && {x}%100!=11 ? 1 : {x}%10>=2 && {x}%10<=4 && ({x}%100<10 || {x}%100>=20) ? 2 : 3)","literal":[{"id":590543227,"tr":"Проект создан"},{"id":242354915,"tr":"Новый проект"},{"id":973370257,"tr":"Новый трек"},{"id":3682062690,"tr":"Темп"},{"id":3475921130,"tr":"Громкость"},{"id":3279548549,"tr":"Студия"},{"id":3086290873,"tr":"Оркестровая яма"},{"id":3686062664,"tr":"Настройки"},{"id":1113353303,"tr":"Версии"},{"id":3324938734,"tr":"Паттерны"},{"id":1791647634,"tr":"Маппинг клавиатуры"},{"id":855043400,"tr":"Переименовать инструмент"},{"id":1662581644,"tr":"Переименовать"},{"id":3826312522,"tr":"Добавить метку"},{"id":726307987,"tr":"Введите текст:"},{"id":2359576018,"tr":"Изменить текст"},{"id":3364643503,"tr":"Изменить размер"},{"id":2076234654,"tr":"Добавить размер"},{"id":1619543104,"tr":"Изменить размер"},{"id":2990388381,"tr":"Введите новый размер:"},{"id":286708268,"tr":"Добавить тональность"},{"id":1824141856,"tr":"Изменить тональность и лад:"},{"id":697122941,"tr":"Укажите тональность и лад:"},{"id":3602788084,"tr":"Переименовать трек"},{"id":1527112919,"tr":"Добавить трек"},{"id":3176377209,"tr":"Создать арпеджиатор"},{"id":2763713241,"tr":"Создать"},{"id":790055919,"tr":"Удалить проект? Это действие нельзя отменить."},{"id":2639456521,"tr":"Введите название проекта, чтобы подтвердить удаление:"},{"id":546999896,"tr":"Вход через GitHub"},{"id":3271309150,"tr":"Отмена"},{"id":1485521680,"tr":"Применить"},{"id":4193497783,"tr":"Удалить"},{"id":254241575,"tr":"Добавить"},{"id":1879653305,"tr":"Сохранить"},{"id":771855172,"tr":"Отмена"},{"id":2039478499,"tr":"Копировать"},{"id":2036717174,"tr":"Вырезать"},{"id":3581851673,"tr":"Вставить"},{"id":456433817,"tr":"Удалить"},{"id":2484662410,"tr":"Пресеты"},{"id":1574835372,"tr":"Сохранить пресет"},{"id":1795357495,"tr":"Группировка по имени"},{"id":1304913776,"tr":"Группировка по цвету"},{"id":667352373,"tr":"Группировка по инструменту"},{"id":1209781982,"tr":"Без группировки"},{"id":1170600044,"tr":"Выбранные плагины"},{"id":550512201,"tr":"Выбранное"},{"id":1799687443,"tr":"Выбранное"},{"id":2965047838,"tr":"Выбранные изменения"},{"id":481992152,"tr":"Выбранная версия"},{"id":3378394717,"tr":"Закоммитить"},{"id":3356001695,"tr":"Сбросить"},{"id":213486763,"tr":"Выбрать все"},{"id":2097945642,"tr":"Убрать выделение"},{"id":1591962748,"tr":"Переключиться на эту версию"},{"id":244233732,"tr":"Отправить ветку"},{"id":211811327,"tr":"Извлечь ветку"},{"id":318608129,"tr":"Создать инструмент"},{"id":3763751911,"tr":"Добавить к инструменту"},{"id":1725194459,"tr":"Убрать из списка"},{"id":1571929583,"tr":"Убрать соединения"},{"id":1277706921,"tr":"Убрать из инструмента"},{"id":801106519,"tr":"Получать аудио из"},{"id":186143671,"tr":"Отправлять аудио в"},{"id":2211432018,"tr":"Получать MIDI из"},{"id":3414815026,"tr":"Отправлять MIDI в"},{"id":2937191410,"tr":"Арпеджио"},{"id":1675985063,"tr":"Рефакторинг"},{"id":4102578342,"tr":"Сменить лад"},{"id":2665682,"tr":"Квантование"},{"id":1022157835,"tr":"Разбиение"},{"id":4252892904,"tr":"Переместить на трек"},{"id":867845023,"tr":"Новый трек из выбранного"},{"id":3841194431,"tr":"Редактировать"},{"id":4241810463,"tr":"На полтона вверх"},{"id":716604346,"tr":"На полтона вниз"},{"id":2972173159,"tr":"Спрятать изменения"},{"id":1834413546,"tr":"Вернуть изменения"},{"id":2478565035,"tr":"Спрятать/вернуть изменения"},{"id":3235320386,"tr":"Закоммитить все"},{"id":1710985244,"tr":"Сбросить все"},{"id":2874819640,"tr":"Синхронизировать все"},{"id":1688770220,"tr":"Создать из выбранного"},{"id":1190757224,"tr":"Модификаторы"},{"id":3028225703,"tr":"Добавить модификатор"},{"id":879252112,"tr":"Применить все"},{"id":4180138779,"tr":"Включить все"},{"id":1885708168,"tr":"Отключить все"},{"id":2532514103,"tr":"Удалить все"},{"id":1028168276,"tr":"Почистить перекрытия нот"},{"id":846647849,"tr":"Обращение вверх"},{"id":1220787472,"tr":"Обращение вниз"},{"id":2012105039,"tr":"Ракоход"},{"id":822935817,"tr":"Обращение мотива"},{"id":507958643,"tr":"Вверх на ступень лада"},{"id":1007904678,"tr":"Вниз на ступень лада"},{"id":2869155537,"tr":"Выровнять по ладу"},{"id":1528798874,"tr":"Легато"},{"id":2794105238,"tr":"Стаккато"},{"id":3083511528,"tr":"Квантовать до 1"},{"id":3133844385,"tr":"Квантовать до 1/2"},{"id":3167399623,"tr":"Квантовать до 1/4"},{"id":2966068195,"tr":"Квантовать до 1/8"},{"id":839167866,"tr":"Квантовать до 1/16"},{"id":3054107764,"tr":"Квантовать до 1/32"},{"id":1651351091,"tr":"Слить в одну ноту"},{"id":1668128710,"tr":"Дуоль"},{"id":1684906329,"tr":"Триоль"},{"id":1701683948,"tr":"Квартоль"},{"id":1718461567,"tr":"Квинтоль"},{"id":1735239186,"tr":"Секстоль"},{"id":1752016805,"tr":"Септоль"},{"id":1768794424,"tr":"Октоль"},{"id":1785572043,"tr":"Новемоль"},{"id":1964787372,"tr":"Удалить проект"},{"id":1290661052,"tr":"Закрыть проект"},{"id":928399350,"tr":"Добавить"},{"id":3317557735,"tr":"Добавить трек"},{"id":645576901,"tr":"Добавить автоматизацию"},{"id":2074424237,"tr":"Темп"},{"id":3181537267,"tr":"Импорт MIDI"},{"id":286266083,"tr":"Рендеринг"},{"id":283934353,"tr":"Рендеринг в FLAC"},{"id":3770425203,"tr":"Рендеринг в WAV"},{"id":2784651386,"tr":"Экспортировать в MIDI"},{"id":2111085155,"tr":"Сохранено как"},{"id":1960742513,"tr":"Рефакторинг"},{"id":1072522987,"tr":"Повысить на полтона"},{"id":1534443262,"tr":"Понизить на полтона"},{"id":3619405988,"tr":"Аранжировка"},{"id":3628117647,"tr":"Редактирование"},{"id":4050824030,"tr":"Версии"},{"id":1534016342,"tr":"Изменить инструмент"},{"id":1258819190,"tr":"Изменить темперацию"},{"id":964249579,"tr":"Перевести в темперацию"},{"id":68408789,"tr":"Переименовать"},{"id":322545603,"tr":"Редактировать роутинг"},{"id":1071720068,"tr":"Окно инструмента"},{"id":3040463687,"tr":"Добавить эффект"},{"id":4272673891,"tr":"Добавить инструмент"},{"id":3491839653,"tr":"Найти все плагины"},{"id":2053497241,"tr":"Сканировать папку"},{"id":1417743331,"tr":"Добавить"},{"id":4103869326,"tr":"Редактировать маппинг каналов"},{"id":2912552282,"tr":"Загрузить маппинг Scala"},{"id":3333104885,"tr":"Сбросить маппинг"},{"id":4045853540,"tr":"Выбрать все"},{"id":3311753376,"tr":"Инструмент"},{"id":2444332244,"tr":"Канал"},{"id":3446786075,"tr":"Переименовать"},{"id":1771713166,"tr":"Клонировать"},{"id":3026643362,"tr":"Удалить"},{"id":2210761276,"tr":"Создать новый проект"},{"id":482801920,"tr":"Открыть проект"},{"id":3206888047,"tr":"Мьют"},{"id":2577061788,"tr":"Мьют выкл"},{"id":2776333865,"tr":"Соло"},{"id":3607741458,"tr":"Соло выкл"},{"id":3644054957,"tr":"Назад"},{"id":2706383387,"tr":"Название"},{"id":2173071876,"tr":"Автор"},{"id":468920255,"tr":"Описание"},{"id":3297839210,"tr":"Лицензия"},{"id":156268671,"tr":"Длина"},{"id":361606965,"tr":"Создан"},{"id":221412530,"tr":"Версии"},{"id":2925408387,"tr":"Треки"},{"id":407797718,"tr":"Расположение"},{"id":3440049797,"tr":"Темперация"},{"id":3745011691,"tr":"Copyright"},{"id":2795589943,"tr":"Доступные плагины"},{"id":845927021,"tr":"Инструменты"},{"id":4038033467,"tr":"Название и издатель"},{"id":2705752965,"tr":"Тип"},{"id":888072614,"tr":"Формат"},{"id":4126219390,"tr":"Выберите папку для сканирования"},{"id":683562187,"tr":"Создать новый проект"},{"id":2481288298,"tr":"Выберите файл для экспорта"},{"id":850836736,"tr":"Выберите файл для загрузки"},{"id":2322273969,"tr":"Выберите файл для импорта"},{"id":91911233,"tr":"Рендеринг в:"},{"id":4017198753,"tr":"Старт"},{"id":2419280861,"tr":"Остановить рендеринг"},{"id":3291361058,"tr":"Темп, ударов в минуту:"},{"id":976005237,"tr":"Темп по тапу"},{"id":3060852065,"tr":"Установить темп"},{"id":3297203332,"tr":"Проекты"},{"id":2380319525,"tr":"Треки и метки"},{"id":776915199,"tr":"Сборка аккордов"},{"id":2253285864,"tr":"Переместить ноты"},{"id":2262892612,"tr":"Мьют вкл/выкл"},{"id":241328026,"tr":"Соло вкл/выкл"},{"id":2460892418,"tr":"Подсветка ладов вкл/выкл"},{"id":4143889728,"tr":"Показывать названия нот вкл/выкл"},{"id":102780623,"tr":"Зациклить вкл/выкл"},{"id":2550848205,"tr":"Предложение"},{"id":778957150,"tr":"Добавить аккорд"},{"id":276323220,"tr":"Тональность"},{"id":2235749264,"tr":"Тоника"},{"id":2286082121,"tr":"Нисходящий вводный тон"},{"id":2269304502,"tr":"Медианта"},{"id":2319637359,"tr":"Субдоминанта"},{"id":2302859740,"tr":"Доминанта"},{"id":2353192597,"tr":"Субмедианта"},{"id":2336414978,"tr":"Восходящий вводный тон"},{"id":564697854,"tr":"Аудио"},{"id":343846724,"tr":"Устройство"},{"id":3423243260,"tr":"Драйвер"},{"id":3486057338,"tr":"Частота дискретизации"},{"id":1105659109,"tr":"Размер буфера"},{"id":3767285732,"tr":"Запись MIDI"},{"id":696182972,"tr":"MIDI-выход"},{"id":676628538,"tr":"Нет MIDI-выхода"},{"id":3059666133,"tr":"Нет MIDI-входа"},{"id":3794477833,"tr":"Подгонять ноты со стандартной клавиатуры под микротональную темперацию"},{"id":3262042980,"tr":"Проверять обновления"},{"id":975670367,"tr":"Требуется перезапуск"},{"id":3290169895,"tr":"Синхронизировать настройки"},{"id":2262216348,"tr":"OpenGL рендерер"},{"id":2410691230,"tr":"Цветовая схема"},{"id":3875839795,"tr":"Шрифт"},{"id":823412658,"tr":"Использовать системный заголовок окна"},{"id":1246372377,"tr":"Анимации включены"},{"id":1920727158,"tr":"Использовать колесо мыши для прокрутки"},{"id":748298622,"tr":"Вертикальная прокрутка по умолчанию"},{"id":2561004784,"tr":"Вертикальный зум по умолчанию"},{"id":3294950313,"tr":"Следовать за указателем воспроизведения"},{"id":192764448,"tr":"Опишите изменения:"},{"id":3667121828,"tr":"Сохранить"},{"id":323214936,"tr":"Сбросить выбранные изменения?"},{"id":2486920796,"tr":"Сбросить"},{"id":2688976833,"tr":"В проекте есть несохраненные изменения!"},{"id":2748830343,"tr":"Переключиться на эту версию"},{"id":2150192494,"tr":"MIDI-выход"},{"id":2148771953,"tr":"SoundFont сэмплер"},{"id":1498241359,"tr":"Метроном"},{"id":8750358,"tr":"Встроенный звук метронома"},{"id":507341059,"tr":"Добавлено -"},{"id":988340957,"tr":"Удалено -"},{"id":3044129637,"tr":"Изменено -"},{"id":3966830291,"tr":"Выберите изменения, которые хотите сохранить."},{"id":361657737,"tr":"Выберите изменения, которые хотите отменить."},{"id":2239706952,"tr":"Не удалось вернуться на контрольную точку - это сотрет текущие изменения."},{"id":2092556627,"tr":"Изменения в проекте"},{"id":755494729,"tr":"Дерево истории"},{"id":1466807325,"tr":"Все изменения спрятаны"},{"id":740600380,"tr":"Все изменения восстановлены"},{"id":3204423818,"tr":"Временная шкала"},{"id":2510909962,"tr":"Информация о проекте"},{"id":3211322524,"tr":"версия"},{"id":4000436521,"tr":"и"},{"id":2398581504,"tr":"Сетевая ошибка"},{"id":1242033084,"tr":"Вчера"},{"id":1606577149,"tr":"добавлено"},{"id":18555880,"tr":"изменена лицензия"},{"id":31830545,"tr":"изменено название"},{"id":4021598998,"tr":"изменен автор"},{"id":472988657,"tr":"изменено описание"},{"id":2880036239,"tr":"изменена темперация"},{"id":2182619756,"tr":"изменен цвет"},{"id":4253760835,"tr":"пустой слой"},{"id":2602248368,"tr":"пустой паттерн"},{"id":2109934724,"tr":"изменен инструмент"},{"id":3243932809,"tr":"изменен контроллер"},{"id":3210663368,"tr":"изменен канал"},{"id":2141501166,"tr":"Горячая клавиша:"},{"id":815908432,"tr":"Переключение между пиано роллом и паттерн роллом"},{"id":1988206468,"tr":"Увеличить масштаб"},{"id":108079057,"tr":"Уменьшить масштаб"},{"id":3920505673,"tr":"Масштабировать по текущему треку"},{"id":2650851948,"tr":"Заблокировать текущий масштаб"},{"id":1764544841,"tr":"Прыжок курсора вперед"},{"id":1561095669,"tr":"Прыжок курсора назад"},{"id":377363115,"tr":"Подсвечивать лады"},{"id":2823305337,"tr":"Показать названия нот"},{"id":3951169083,"tr":"Показать мини-карту проекта"},{"id":127431244,"tr":"Показать редактор громкости/автоматизаций"},{"id":1589663718,"tr":"Зациклить выделенный фрагмент"},{"id":2079190982,"tr":"Режим редактирования по умолчанию"},{"id":251736895,"tr":"Режим рисования (вставка нот и клипов)"},{"id":649474182,"tr":"Режим перетаскивания (зажмите пробел для быстрого переключения)"},{"id":639175196,"tr":"Режим резки и склейки (правая кнопка мыши для склейки нот и клипов)"},{"id":2896458336,"tr":"Генератор аккордов в определенном ладу"},{"id":3209268458,"tr":"Арпеджиаторы"},{"id":1719740774,"tr":"Добавить новый трек"},{"id":961840392,"tr":"Звук метронома"},{"id":2265199415,"tr":"Режим записи"},{"id":3144845477,"tr":"Начать или остановить воспроизведение"},{"id":2361001723,"tr":"Ионийский"},{"id":1921553488,"tr":"Эолийский"},{"id":2382045982,"tr":"Лидийский"},{"id":994442821,"tr":"Миксолидийский"},{"id":4042978826,"tr":"Дорийский"},{"id":2049980375,"tr":"Фригийский"},{"id":1360799947,"tr":"Локрийский"},{"id":4047078079,"tr":"Мелодический мажор"},{"id":2619486323,"tr":"Мелодический минор"},{"id":215598663,"tr":"Гармонический мажор"},{"id":3945887243,"tr":"Гармонический минор"},{"id":1089159483,"tr":"Венгерский мажор"},{"id":827147463,"tr":"Венгерский минор"},{"id":2453297237,"tr":"Неаполитанский мажор"},{"id":417732145,"tr":"Неаполитанский минор"},{"id":232492715,"tr":"Румынский мажор"},{"id":3308214711,"tr":"Румынский минор"},{"id":1298743296,"tr":"Энигматический"},{"id":892084257,"tr":"Энигматический минор"},{"id":2284927933,"tr":"Ионийский увеличенный"},{"id":2272612354,"tr":"Лидийский доминантовый"},{"id":4136500064,"tr":"Лидийский увеличенный"},{"id":1416518516,"tr":"Лидийский уменьшённый"},{"id":4231080975,"tr":"Миксолидийский увеличенный"},{"id":3914030977,"tr":"Фригийский доминантовый"},{"id":805807533,"tr":"Локрийский доминантовый"},{"id":3160581502,"tr":"Локрийский мажорный"},{"id":2202579943,"tr":"Ультрафригийский"},{"id":2837056976,"tr":"Суперлокрийский"},{"id":2605108987,"tr":"Ультралокрийский"},{"id":1965071581,"tr":"Целотоновый с вводным тоном"},{"id":1367319047,"tr":"Двойной гармонический"},{"id":626733046,"tr":"Полууменьшенный"},{"id":2141989878,"tr":"Альтерированный доминантовый"},{"id":2402117461,"tr":"Блюзовая гептатоника"},{"id":860101336,"tr":"Блюзовый фригийский"},{"id":3745452021,"tr":"Блюзовый измененный"},{"id":553375353,"tr":"Блюзовый смешанный"},{"id":32797868,"tr":"Блюзовый с вводным тоном"},{"id":3801549673,"tr":"Рок'н'ролл"},{"id":1931755849,"tr":"Аудиовход"},{"id":4200658534,"tr":"Аудиовыход"},{"id":3154594048,"tr":"MIDI-вход"},{"id":2483423585,"tr":"MIDI-выход"}],"pluralLiteral":[{"id":1853236155,"tr":[{"name":"{x} входной канал","pluralForm":"1"},{"name":"{x} входных канала","pluralForm":"2"},{"name":"{x} входных каналов","pluralForm":"3"}]},{"id":4237797194,"tr":[{"name":"{x} выходной канал","pluralForm":"1"},{"name":"{x} выходных канала","pluralForm":"2"},{"name":"{x} выходных каналов","pluralForm":"3"}]},{"id":4187362806,"tr":[{"name":"добавлена {x} нота","pluralForm":"1"},{"name":"добавлены {x} ноты","pluralForm":"2"},{"name":"добавлено {x} нот","pluralForm":"3"}]},{"id":2677001308,"tr":[{"name":"удалена {x} нота","pluralForm":"1"},{"name":"удалены {x} ноты","pluralForm":"2"},{"name":"удалено {x} нот","pluralForm":"3"}]},{"id":1115369500,"tr":[{"name":"изменена {x} нота","pluralForm":"1"},{"name":"изменены {x} ноты","pluralForm":"2"},{"name":"изменено {x} нот","pluralForm":"3"}]},{"id":1670191088,"tr":[{"name":"добавлено {x} событие","pluralForm":"1"},{"name":"добавлены {x} события","pluralForm":"2"},{"name":"добавлено {x} событий","pluralForm":"3"}]},{"id":4188356498,"tr":[{"name":"удалено {x} событие","pluralForm":"1"},{"name":"удалены {x} события","pluralForm":"2"},{"name":"удалено {x} событий","pluralForm":"3"}]},{"id":1822865234,"tr":[{"name":"изменено {x} событие","pluralForm":"1"},{"name":"изменены {x} события","pluralForm":"2"},{"name":"изменено {x} событий","pluralForm":"3"}]},{"id":2539740572,"tr":[{"name":"добавлен {x} клип","pluralForm":"1"},{"name":"добавлены {x} клипа","pluralForm":"2"},{"name":"добавлено {x} клипов","pluralForm":"3"}]},{"id":1838846406,"tr":[{"name":"удален {x} клип","pluralForm":"1"},{"name":"удалены {x} клипа","pluralForm":"2"},{"name":"удалено {x} клипов","pluralForm":"3"}]},{"id":3829748102,"tr":[{"name":"изменен {x} клип","pluralForm":"1"},{"name":"изменены {x} клипа","pluralForm":"2"},{"name":"изменено {x} клипов","pluralForm":"3"}]},{"id":159801621,"tr":[{"name":"добавлена {x} метка","pluralForm":"1"},{"name":"добавлены {x} метки","pluralForm":"2"},{"name":"добавлено {x} меток","pluralForm":"3"}]},{"id":335767671,"tr":[{"name":"удалена {x} метка","pluralForm":"1"},{"name":"удалены {x} метки","pluralForm":"2"},{"name":"удалено {x} меток","pluralForm":"3"}]},{"id":1776240695,"tr":[{"name":"изменена {x} метка","pluralForm":"1"},{"name":"изменены {x} метки","pluralForm":"2"},{"name":"изменено {x} меток","pluralForm":"3"}]},{"id":2264722107,"tr":[{"name":"добавлен {x} размер","pluralForm":"1"},{"name":"добавлены {x} размера","pluralForm":"2"},{"name":"добавлено {x} размеров","pluralForm":"3"}]},{"id":755875505,"tr":[{"name":"удален {x} размер","pluralForm":"1"},{"name":"удалены {x} размера","pluralForm":"2"},{"name":"удалено {x} размеров","pluralForm":"3"}]},{"id":1775129073,"tr":[{"name":"изменен {x} размер","pluralForm":"1"},{"name":"изменены {x} размера","pluralForm":"2"},{"name":"изменено {x} размеров","pluralForm":"3"}]},{"id":3133606715,"tr":[{"name":"добавлен {x} ключ","pluralForm":"1"},{"name":"добавлены {x} ключа","pluralForm":"2"},{"name":"добавлено {x} ключей","pluralForm":"3"}]},{"id":1992957705,"tr":[{"name":"удален {x} ключ","pluralForm":"1"},{"name":"удалены {x} ключа","pluralForm":"2"},{"name":"удалено {x} ключей","pluralForm":"3"}]},{"id":4237699145,"tr":[{"name":"изменен {x} ключ","pluralForm":"1"},{"name":"изменены {x} ключа","pluralForm":"2"},{"name":"изменено {x} ключей","pluralForm":"3"}]},{"id":2895268064,"tr":[{"name":"{x} нота","pluralForm":"1"},{"name":"{x} ноты","pluralForm":"2"},{"name":"{x} нот","pluralForm":"3"}]},{"id":3458549142,"tr":[{"name":"{x} событие","pluralForm":"1"},{"name":"{x} события","pluralForm":"2"},{"name":"{x} событий","pluralForm":"3"}]},{"id":1029569651,"tr":[{"name":"{x} метка","pluralForm":"1"},{"name":"{x} метки","pluralForm":"2"},{"name":"{x} меток","pluralForm":"3"}]},{"id":2984658661,"tr":[{"name":"{x} размер","pluralForm":"1"},{"name":"{x} размера","pluralForm":"2"},{"name":"{x} размеров","pluralForm":"3"}]},{"id":3241281125,"tr":[{"name":"{x} ключ","pluralForm":"1"},{"name":"{x} ключа","pluralForm":"2"},{"name":"{x} ключей","pluralForm":"3"}]},{"id":3319356210,"tr":[{"name":"{x} клип","pluralForm":"1"},{"name":"{x} клипа","pluralForm":"2"},{"name":"{x} клипов","pluralForm":"3"}]},{"id":3631037336,"tr":[{"name":"{x} паттерн","pluralForm":"1"},{"name":"{x} паттерна","pluralForm":"2"},{"name":"{x} паттернов","pluralForm":"3"}]},{"id":2452992563,"tr":[{"name":"{x} трек","pluralForm":"1"},{"name":"{x} трека","pluralForm":"2"},{"name":"{x} треков","pluralForm":"3"}]},{"id":1323194979,"tr":[{"name":"{x} ревизия","pluralForm":"1"},{"name":"{x} ревизии","pluralForm":"2"},{"name":"{x} ревизий","pluralForm":"3"}]},{"id":3610422080,"tr":[{"name":"{x} дельта","pluralForm":"1"},{"name":"{x} дельты","pluralForm":"2"},{"name":"{x} дельт","pluralForm":"3"}]},{"id":2855433704,"tr":[{"name":"{x} минута","pluralForm":"1"},{"name":"{x} минуты","pluralForm":"2"},{"name":"{x} минут","pluralForm":"3"}]},{"id":4122223288,"tr":[{"name":"{x} секунда","pluralForm":"1"},{"name":"{x} секунды","pluralForm":"2"},{"name":"{x} секунд","pluralForm":"3"}]},{"id":1807553330,"tr":{"name":"переименован из {x}","pluralForm":"1"}}]},
{"id":"de","name":"Deutsch","pluralEquation":"({x}==1 ? 1 : 2)","literal":[{"id":590543227,"tr":"Projekt erstellt"},{"id":242354915,"tr":"Neues Projekt"},{"id":973370257,"tr":"Neue Spur"},{"id":3682062690,"tr":"Tempo"},{"id":3475921130,"tr":"Lautstärke"},{"id":3279548549,"tr":"Studio"},{"id":3086290873,"tr":"Instrumente"},{"id":3686062664,"tr":"Einstellungen"},{"id":1113353303,"tr":"Versionen"},{"id":3324938734,"tr":"Patterns"},{"id":1791647634,"tr":"Tastaturbelegung"},{"id":855043400,"tr":"Instrument umbenennen"},{"id":1662581644,"tr":"Umbenennen"},{"id":3826312522,"tr":"Marke hinzufügen"},{"id":726307987,"tr":"Text eingeben:"},{"id":2359576018,"tr":"Marke ändern"},{"id":3364643503,"tr":"Taktart ändern"},{"id":2076234654,"tr":"Taktart hinzufügen"},{"id":1619543104,"tr":"Taktart ändern"},{"id":2990388381,"tr":"Taktart eingeben:"},{"id":286708268,"tr":"Tonart hinzufügen"},{"id":1824141856,"tr":"Tonart ändern"},{"id":697122941,"tr":"Tonart und Skala hinzufügen"},{"id":3602788084,"tr":"Spur umbenennen"},{"id":1527112919,"tr":"Spur hinzufügen"},{"id":3176377209,"tr":"Arpeggiator erstellen"},{"id":2763713241,"tr":"Erstellen"},{"id":790055919,"tr":"Das Projekt endgültig löschen (kein Rückgängigmachen)?"},{"id":2639456521,"tr":"Geben Sie den Namen des Projekts ein, um das Löschen zu bestätigen:"},{"id":546999896,"tr":"Mit GitHub einloggen"},{"id":3271309150,"tr":"Abbrechen"},{"id":1485521680,"tr":"Anwenden"},{"id":4193497783,"tr":"Löschen"},{"id":254241575,"tr":"Hinzufügen"},{"id":1879653305,"tr":"Speichern"},{"id":771855172,"tr":"Abbrechen"},{"id":2039478499,"tr":"Kopieren"},{"id":2036717174,"tr":"Ausschneiden"},{"id":3581851673,"tr":"Einfügen"},{"id":456433817,"tr":"Entfernen"},{"id":2484662410,"tr":"Voreinstellungen"},{"id":1574835372,"tr":"Voreinstellungen speichern"},{"id":1795357495,"tr":"Gruppieren per Name"},{"id":1304913776,"tr":"Gruppieren per Farbe"},{"id":667352373,"tr":"Gruppieren per Instrument"},{"id":1209781982,"tr":"Keine Gruppierung"},{"id":1170600044,"tr":"Ausgewählte Plugins"},{"id":550512201,"tr":"Auswahl"},{"id":1799687443,"tr":"Auswahl"},{"id":2965047838,"tr":"Ausgewählte Änderungen"},{"id":481992152,"tr":"Ausgewählte Version"},{"id":3378394717,"tr":"Bestätigen"},{"id":3356001695,"tr":"Zurücksetzen"},{"id":213486763,"tr":"Alle markieren"},{"id":2097945642,"tr":"Auswahl aufheben"},{"id":1591962748,"tr":"Zu dieser Version umschalten"},{"id":244233732,"tr":"Push"},{"id":211811327,"tr":"Pull"},{"id":318608129,"tr":"Neues Instrument erstellen"},{"id":3763751911,"tr":"Zu Instrument hinzufügen"},{"id":1725194459,"tr":"Aus der Liste entfernen"},{"id":1571929583,"tr":"Alle Verbindungen trennen"},{"id":1277706921,"tr":"Aus Instrument entfernen"},{"id":801106519,"tr":"Audio empfangen von"},{"id":186143671,"tr":"Audio senden an"},{"id":2211432018,"tr":"MIDI empfangen von"},{"id":3414815026,"tr":"MIDI senden an"},{"id":2937191410,"tr":"Arpeggiieren"},{"id":1675985063,"tr":"Umwandeln"},{"id":4102578342,"tr":"Skalieren"},{"id":2665682,"tr":"Quantisieren"},{"id":1022157835,"tr":"Quantelung"},{"id":4252892904,"tr":"Auf Spur verschieben"},{"id":867845023,"tr":"Zu neuer Spur extrahieren"},{"id":3841194431,"tr":"Bearbeiten"},{"id":4241810463,"tr":"Transponieren nach oben"},{"id":716604346,"tr":"Transponieren nach unten"},{"id":2972173159,"tr":"Änderungen ausblenden"},{"id":1834413546,"tr":"Änderungen widerherstellen"},{"id":2478565035,"tr":"Änderungen umschalten"},{"id":3235320386,"tr":"Alle bestätigen"},{"id":1710985244,"tr":"Alle zurücksetzen"},{"id":2874819640,"tr":"Alle Versionen synchronisieren"},{"id":1688770220,"tr":"Arpeggio aus Auswahl erstellen"},{"id":1190757224,"tr":"Modifikatoren"},{"id":3028225703,"tr":"Modifikatoren hinzufügen"},{"id":879252112,"tr":"Alle anwenden"},{"id":4180138779,"tr":"Alle freigeben"},{"id":1885708168,"tr":"Alle deaktivieren"},{"id":2532514103,"tr":"Alle löschen"},{"id":1028168276,"tr":"Überlappungen löschen"},{"id":846647849,"tr":"Nach oben invertieren"},{"id":1220787472,"tr":"Nach unten invertieren"},{"id":2012105039,"tr":"Rückläufigkeit"},{"id":822935817,"tr":"Melodische Inversion"},{"id":507958643,"tr":"Nach oben sequenzieren"},{"id":1007904678,"tr":"Nach unten sequenzieren"},{"id":2869155537,"tr":"An Skalierung anpassen"},{"id":1528798874,"tr":"Legato"},{"id":2794105238,"tr":"Staccato"},{"id":3083511528,"tr":"Auf 1 quantisieren"},{"id":3133844385,"tr":"Auf 1/2 quantisieren"},{"id":3167399623,"tr":"Auf 1/4 quantisieren"},{"id":2966068195,"tr":"Auf 1/8 quantisieren"},{"id":839167866,"tr":"Auf 1/16 quantisieren"},{"id":3054107764,"tr":"Auf 1/32 quantisieren"},{"id":1651351091,"tr":"Duolen zusammenführen"},{"id":1668128710,"tr":"Duole"},{"id":1684906329,"tr":"Triole"},{"id":1701683948,"tr":"Quartole"},{"id":1718461567,"tr":"Quintole"},{"id":1735239186,"tr":"Sextole"},{"id":1752016805,"tr":"Septole"},{"id":1768794424,"tr":"Octole"},{"id":1785572043,"tr":"Nonole"},{"id":1964787372,"tr":"Projekt löschen"},{"id":1290661052,"tr":"Projekt schließen"},{"id":928399350,"tr":"Hinzufügen"},{"id":3317557735,"tr":"Spur hinzufügen"},{"id":645576901,"tr":"Automatisierung hinzufügen"},{"id":2074424237,"tr":"Globales Tempo"},{"id":3181537267,"tr":"MIDI importieren"},{"id":286266083,"tr":"Rendern"},{"id":283934353,"tr":"Rendern nach FLAC"},{"id":3770425203,"tr":"Rendern nach WAV"},{"id":2784651386,"tr":"In MIDI exportieren"},{"id":2111085155,"tr":"Gespeichert als"},{"id":1960742513,"tr":"Umgestalten"},{"id":1072522987,"tr":"Transponieren nach oben"},{"id":1534443262,"tr":"Transponieren nach unten"},{"id":3619405988,"tr":"Arrangieren"},{"id":3628117647,"tr":"Bearbeiten"},{"id":4050824030,"tr":"Versionen"},{"id":1534016342,"tr":"Instrument ändern"},{"id":1258819190,"tr":"Stimmung ändern"},{"id":964249579,"tr":"Zu Stimmung konvertieren"},{"id":68408789,"tr":"Umbenennen"},{"id":322545603,"tr":"Routing bearbeiten"},{"id":1071720068,"tr":"UI anzeigen"},{"id":3040463687,"tr":"Effekt hinzufügen"},{"id":4272673891,"tr":"Instrument hinzufügen"},{"id":3491839653,"tr":"Common Plugin Ordner scannen"},{"id":2053497241,"tr":"Ordner scannen"},{"id":1417743331,"tr":"Hinzufügen"},{"id":4103869326,"tr":"Bearbeiten Sie die Tastaturbelegung"},{"id":2912552282,"tr":"Scala-Mapping(s) laden"},{"id":3333104885,"tr":"Tastaturbelegung zurücksetzen"},{"id":4045853540,"tr":"Alles auswählen"},{"id":3311753376,"tr":"Instrument ändern"},{"id":2444332244,"tr":"Kanal ändern"},{"id":3446786075,"tr":"Umbenennen"},{"id":1771713166,"tr":"Kopieren"},{"id":3026643362,"tr":"Löschen"},{"id":2210761276,"tr":"Ein neues Projekt erstellen"},{"id":482801920,"tr":"Projekt laden"},{"id":3206888047,"tr":"Deaktivieren"},{"id":2577061788,"tr":"Aktivieren"},{"id":2776333865,"tr":"Solo"},{"id":3607741458,"tr":"Unsolo"},{"id":3644054957,"tr":"Zurück"},{"id":2706383387,"tr":"Titel"},{"id":2173071876,"tr":"Autor"},{"id":468920255,"tr":"Beschreibung"},{"id":3297839210,"tr":"Lizenz"},{"id":156268671,"tr":"Länge"},{"id":361606965,"tr":"Startdatum"},{"id":221412530,"tr":"Versionsstatistik"},{"id":2925408387,"tr":"Besteht aus"},{"id":407797718,"tr":"Speicherort der Datei"},{"id":3440049797,"tr":"Stimmung"},{"id":3745011691,"tr":"Copyright"},{"id":2795589943,"tr":"Verfügbare Audio-Plugins"},{"id":845927021,"tr":"Instrumente auf der Bühne"},{"id":4038033467,"tr":"Plugin-Hersteller und Name"},{"id":2705752965,"tr":"Kategorie"},{"id":888072614,"tr":"Format"},{"id":4126219390,"tr":"Ordner zum Scannen auswählen"},{"id":683562187,"tr":"Neues Projekt erstellen"},{"id":2481288298,"tr":"Eine Datei zum Export wählen"},{"id":850836736,"tr":"Eine Datei zum Laden wählen"},{"id":2322273969,"tr":"Eine Datei zum Import wählen"},{"id":91911233,"tr":"Rendern nach:"},{"id":4017198753,"tr":"Start"},{"id":2419280861,"tr":"Rendering abbrechen"},{"id":3291361058,"tr":"Tempo setzen, BPM:"},{"id":976005237,"tr":"Tap Tempo"},{"id":3060852065,"tr":"Tempo setzen"},{"id":3297203332,"tr":"Projektliste"},{"id":2380319525,"tr":"Zeitleiste und Spuren"},{"id":776915199,"tr":"Akkord-Compiler"},{"id":2253285864,"tr":"Noten verschieben"},{"id":2262892612,"tr":"Stummschalten"},{"id":241328026,"tr":"Solo umschalten"},{"id":2460892418,"tr":"Skalenhervorhebung umschalten"},{"id":4143889728,"tr":"Notennamen anzeigen umschalten"},{"id":102780623,"tr":"Schleife über Auswahl umschalten"},{"id":2550848205,"tr":"Vorschlag"},{"id":778957150,"tr":"Akkord generieren"},{"id":276323220,"tr":"Tonart"},{"id":2235749264,"tr":"Tonika"},{"id":2286082121,"tr":"Supertonika"},{"id":2269304502,"tr":"Mediante"},{"id":2319637359,"tr":"Subdominante"},{"id":2302859740,"tr":"Dominante"},{"id":2353192597,"tr":"Submediante"},{"id":2336414978,"tr":"Subtonika"},{"id":564697854,"tr":"Audio"},{"id":343846724,"tr":"Gerät"},{"id":3423243260,"tr":"Treiber"},{"id":3486057338,"tr":"Samplingrate"},{"id":1105659109,"tr":"Buffergröße"},{"id":3767285732,"tr":"MIDI-Aufnahme von"},{"id":696182972,"tr":"MIDI senden nach"},{"id":676628538,"tr":"Keine MIDI-Ausgabe"},{"id":3059666133,"tr":"Keine MIDI-Geräte"},{"id":3794477833,"tr":"MIDI-Daten von 12-Ton Tastatur auf microtonale Stimmungen ändern"},{"id":3262042980,"tr":"Auf Updates prüfen"},{"id":975670367,"tr":"Neustart notwendig"},{"id":3290169895,"tr":"Synchronisierte Einstellungen"},{"id":2262216348,"tr":"OpenGL-Renderer verwenden"},{"id":2410691230,"tr":"Farbschema"},{"id":3875839795,"tr":"Schriftart"},{"id":823412658,"tr":"Standard Fenstertitelzeile verwenden"},{"id":1246372377,"tr":"Animationen anzeigen"},{"id":1920727158,"tr":"Verwenden Sie standardmäßig das Mausrad zum Schwenken"},{"id":748298622,"tr":"Vertikales Schwenken standardmäßig"},{"id":2561004784,"tr":"Vertikales Zoomen standardmäßig"},{"id":3294950313,"tr":"Folgen Sie dem Abspielkopf"},{"id":192764448,"tr":"Commit-Beschreibung eingeben:"},{"id":3667121828,"tr":"Speichern"},{"id":323214936,"tr":"Wollen Sie die ausgwählten Änderungen zurücknehmen?"},{"id":2486920796,"tr":"Zurücknehmen"},{"id":2688976833,"tr":"Projekt enthält nicht gespeicherte Änderungen!"},{"id":2748830343,"tr":"Zu dieser Version umschalten"},{"id":2150192494,"tr":"MIDI-Ausgang"},{"id":2148771953,"tr":"SoundFont Spieler"},{"id":1498241359,"tr":"Metronom"},{"id":8750358,"tr":"Eingebauter Metronom-Sound"},{"id":507341059,"tr":"Hinzugefügt"},{"id":988340957,"tr":"Gelöscht"},{"id":3044129637,"tr":"Geändert"},{"id":3966830291,"tr":"Wählen Sie die Änderungen, die Sie speichern wollen."},{"id":361657737,"tr":"Wählen Sie die Änderungen, die Sie zurücknehmen wollen."},{"id":2239706952,"tr":"Rücksprung an die Anschlussstelle unmöglich, das wird Änderungen löschen."},{"id":2092556627,"tr":"Projektänderungen"},{"id":755494729,"tr":"Revisionsbaum"},{"id":1466807325,"tr":"Alle Änderungen gespeichert"},{"id":740600380,"tr":"Alle Änderungen wiederhergestellt"},{"id":3204423818,"tr":"Projekt Timeline"},{"id":2510909962,"tr":"Projektinformation"},{"id":3211322524,"tr":"Version"},{"id":4000436521,"tr":"und"},{"id":2398581504,"tr":"Netzwerk Fehler"},{"id":1242033084,"tr":"Gestern"},{"id":1606577149,"tr":"hinzugefügt"},{"id":18555880,"tr":"Lizenz geändert"},{"id":31830545,"tr":"Titel geändert"},{"id":4021598998,"tr":"Autor geändert"},{"id":472988657,"tr":"Beschreibung geändert"},{"id":2880036239,"tr":"Stimmung geändert"},{"id":2182619756,"tr":"Farbe geändert"},{"id":4253760835,"tr":"Leere Spur"},{"id":2602248368,"tr":"Leeres Pattern"},{"id":2109934724,"tr":"Instrument geändert"},{"id":3243932809,"tr":"Controller geändert"},{"id":3210663368,"tr":"Kanal geändert"},{"id":2141501166,"tr":"Hotkey:"},{"id":815908432,"tr":"Wechseln Sie zwischen der Klavierrolle und der Musterrolle"},{"id":1988206468,"tr":"Hineinzoomen"},{"id":108079057,"tr":"Herauszoomen"},{"id":3920505673,"tr":"Zoomen, um den ausgewählten Spur einzupassen"},{"id":2650851948,"tr":"Sperren Sie die aktuelle Zoomstufe"},{"id":1764544841,"tr":"Springe zum nächsten Anker"},{"id":1561095669,"tr":"Zum vorherigen Anker springen"},{"id":377363115,"tr":"Skalenhervorhebung umschalten"},{"id":2823305337,"tr":"Hilfslinien für Notiznamen umschalten"},{"id":3951169083,"tr":"Minikarte des Projekts umschalten"},{"id":127431244,"tr":"Lautstärke- und Automationseditoren umschalten"},{"id":1589663718,"tr":"Schleife über Auswahl umschalten"},{"id":2079190982,"tr":"Bearbeitungsmodus: Standard (Auswahl und Bearbeitung)"},{"id":251736895,"tr":"Bearbeitungsmodus: Stift (Notizen und Clips einfügen)"},{"id":649474182,"tr":"Bearbeitungsmodus: Ziehen (Leertaste gedrückt halten, um diesen Modus umzuschalten)"},{"id":639175196,"tr":"Bearbeitungsmodus: Messer (Noten und Clips schneiden/zusammenführen)"},{"id":2896458336,"tr":"Akkord-Werkzeug"},{"id":3209268458,"tr":"Arpeggiatoren"},{"id":1719740774,"tr":"neue Spur zufügen"},{"id":961840392,"tr":"Metronom umschalten"},{"id":2265199415,"tr":"Aufnahmemodus umschalten (wartet auf die erste Eingabe, um die Aufnahme zu starten)"},{"id":3144845477,"tr":"Wiedergabe starten oder stoppen"},{"id":2361001723,"tr":"Ionisch"},{"id":1921553488,"tr":"Äolisch"},{"id":2382045982,"tr":"Lydisch"},{"id":994442821,"tr":"Mixolydisch"},{"id":4042978826,"tr":"Dorisch"},{"id":2049980375,"tr":"Phrygisch"},{"id":1360799947,"tr":"Lokrisch"},{"id":4047078079,"tr":"Melodisch Dur"},{"id":2619486323,"tr":"Melodisch Moll"},{"id":215598663,"tr":"Harmonisch Dur"},{"id":3945887243,"tr":"Harmonisch Moll"},{"id":1089159483,"tr":"Ungarisch Dur"},{"id":827147463,"tr":"Ungarisch Moll"},{"id":2453297237,"tr":"Neapolitanisch Dur"},{"id":417732145,"tr":"Neapolitanisch Moll"},{"id":232492715,"tr":"Romanisch Dur"},{"id":3308214711,"tr":"Romanisch Moll"},{"id":1298743296,"tr":"Enigmatisch"},{"id":892084257,"tr":"Enigmatisch Moll"},{"id":2284927933,"tr":"Ionisch Erhöht"},{"id":2272612354,"tr":"Lydisch Dominant"},{"id":4136500064,"tr":"Lydisch Erhöht"},{"id":1416518516,"tr":"Lydisch Vermindert"},{"id":4231080975,"tr":"Mixolydisch Erhöht"},{"id":3914030977,"tr":"Phrygisch Dominant"},{"id":805807533,"tr":"Lokrisch Dominant"},{"id":3160581502,"tr":"Dur Lokrisch"},{"id":2202579943,"tr":"Ultraphrygisch"},{"id":2837056976,"tr":"Superlokrisch"},{"id":2605108987,"tr":"Ultralokrisch"},{"id":1965071581,"tr":"Leitende Ganztöne"},{"id":1367319047,"tr":"Doppelharmonisch"},{"id":626733046,"tr":"Halbvermindert"},{"id":2141989878,"tr":"Alterierte Dominante"},{"id":2402117461,"tr":"Blues Heptatonisch"},{"id":860101336,"tr":"Blues Phrygisch"},{"id":3745452021,"tr":"Blues Alteriert"},{"id":553375353,"tr":"Blues Gemischt"},{"id":32797868,"tr":"Blues mit Leitton"},{"id":3801549673,"tr":"Rock'n'Roll"},{"id":1931755849,"tr":"Audioeingang"},{"id":4200658534,"tr":"Audioausgang"},{"id":3154594048,"tr":"MIDI-Eingang"},{"id":2483423585,"tr":"MIDI-Ausgang"}],"pluralLiteral":[{"id":1853236155,"tr":[{"name":"{x} Eingangskanal","pluralForm":"1"},{"name":"{x} Eingangskanäle","pluralForm":"2"}]},{"id":4237797194,"tr":[{"name":"{x} Ausgabekanal","pluralForm":"1"},{"name":"{x} Ausgabekanäle","pluralForm":"2"}]},{"id":4187362806,"tr":[{"name":"{x} Note hinzugefügt","pluralForm":"1"},{"name":"{x} Noten hinzugefügt","pluralForm":"2"}]},{"id":2677001308,"tr":[{"name":"{x} Note gelöscht","pluralForm":"1"},{"name":"{x} Noten gelöscht","pluralForm":"2"}]},{"id":1115369500,"tr":[{"name":"{x} Note geändert","pluralForm":"1"},{"name":"{x} Noten geändert","pluralForm":"2"}]},{"id":1670191088,"tr":[{"name":"{x} Ereignis hinzugefügt","pluralForm":"1"},{"name":"{x} Ereignisse hinzugefügt","pluralForm":"2"}]},{"id":4188356498,"tr":[{"name":"{x} Ereignis gelöscht","pluralForm":"1"},{"name":"{x} Ereignisse gelöscht","pluralForm":"2"}]},{"id":1822865234,"tr":[{"name":"{x} Ereignis geändert","pluralForm":"1"},{"name":"{x} Ereignisse geändert","pluralForm":"2"}]},{"id":2539740572,"tr":[{"name":"{x} Clip hinzugefügt","pluralForm":"1"},{"name":"{x} Clips hinzugefügt","pluralForm":"2"}]},{"id":1838846406,"tr":[{"name":"{x} Clip entfernt","pluralForm":"1"},{"name":"{x} Clips entfernt","pluralForm":"2"}]},{"id":3829748102,"tr":[{"name":"{x} Clip bearbeitet","pluralForm":"1"},{"name":"{x} Clips bearbeitet","pluralForm":"2"}]},{"id":159801621,"tr":[{"name":"{x} Marke hinzugefügt","pluralForm":"1"},{"name":"{x} Marken hinzugefügt","pluralForm":"2"}]},{"id":335767671,"tr":[{"name":"{x} Marke gelöscht","pluralForm":"1"},{"name":"{x} Marken gelöscht","pluralForm":"2"}]},{"id":1776240695,"tr":[{"name":"{x} Marke geändert","pluralForm":"1"},{"name":"{x} Marken geändert","pluralForm":"2"}]},{"id":2264722107,"tr":[{"name":"{x} Taktangabe hinzugefügt","pluralForm":"1"},{"name":"{x} Taktangaben hinzugefügt","pluralForm":"2"}]},{"id":755875505,"tr":[{"name":"{x} Taktangabe gelöscht","pluralForm":"1"},{"name":"{x} Taktangaben gelöscht","pluralForm":"2"}]},{"id":1775129073,"tr":[{"name":"{x} Taktangabe geändert","pluralForm":"1"},{"name":"{x} Taktangaben geändert","pluralForm":"2"}]},{"id":3133606715,"tr":[{"name":"{x} Tonart hinzugefügt","pluralForm":"1"},{"name":"{x} Tonarten hinzugefügt","pluralForm":"2"}]},{"id":1992957705,"tr":[{"name":"{x} Tonart entfernt","pluralForm":"1"},{"name":"{x} Tonarten entfernt","pluralForm":"2"}]},{"id":4237699145,"tr":[{"name":"{x} Tonart bearbeitet","pluralForm":"1"},{"name":"{x} Tonarten bearbeitet","pluralForm":"2"}]},{"id":2895268064,"tr":[{"name":"{x} Note","pluralForm":"1"},{"name":"{x} Noten","pluralForm":"2"}]},{"id":3458549142,"tr":[{"name":"{x} Ereignis","pluralForm":"1"},{"name":"{x} Ereignisse","pluralForm":"2"}]},{"id":1029569651,"tr":[{"name":"{x} Marke","pluralForm":"1"},{"name":"{x} Marken","pluralForm":"2"}]},{"id":2984658661,"tr":[{"name":"{x} Taktangabe","pluralForm":"1"},{"name":"{x} Taktangaben","pluralForm":"2"}]},{"id":3241281125,"tr":[{"name":"{x} Tonart","pluralForm":"1"},{"name":"{x} Tonarten","pluralForm":"2"}]},{"id":3319356210,"tr":[{"name":"{x} Clip","pluralForm":"1"},{"name":"{x} Clips","pluralForm":"2"}]},{"id":3631037336,"tr":[{"name":"{x} Pattern","pluralForm":"1"},{"name":"{x} Patterns","pluralForm":"2"}]},{"id":2452992563,"tr":[{"name":"{x} Spur","pluralForm":"1"},{"name":"{x} Spuren","pluralForm":"2"}]},{"id":1323194979,"tr":[{"name":"{x} Revision","pluralForm":"1"},{"name":"{x} Revisionen","pluralForm":"2"}]},{"id":3610422080,"tr":[{"name":"{x} Delta","pluralForm":"1"},{"name":"{x} Deltas","pluralForm":"2"}]},{"id":2855433704,"tr":[{"name":"{x} Minute","pluralForm":"1"},{"name":"{x} Minuten","pluralForm":"2"}]},{"id":4122223288,"tr":[{"name":"{x} Sekunde","pluralForm":"1"},{"name":"{x} Sekunden","pluralForm":"2"}]},{"id":1807553330,"tr":{"name":"umbenannt von {x}","pluralForm":"1"}}]},
{"id":"fr","name":"Français","pluralEquation":"(({x}==0 || {x}==1) ? 1 : 2)","literal":[{"id":590543227,"tr":"Projet démarré"},{"id":242354915,"tr":"Nouveau projet"},{"id":973370257,"tr":"Nouvelle piste"},{"id":3682062690,"tr":"Tempo"},{"id":3475921130,"tr":"Volume"},{"id":3279548549,"tr":"Studio"},{"id":3086290873,"tr":"Instruments"},{"id":3686062664,"tr":"Paramètres"},{"id":1113353303,"tr":"Versions"},{"id":3324938734,"tr":"Modèles"},{"id":1791647634,"tr":"Mappage du clavier"},{"id":855043400,"tr":"Renommer l'instrument"},{"id":1662581644,"tr":"Renommer"},{"id":3826312522,"tr":"Ajouter une annotation"},{"id":726307987,"tr":"Entrez le texte :"},{"id":2359576018,"tr":"Editer l'annotation"},{"id":3364643503,"tr":"Modifier la mesure"},{"id":2076234654,"tr":"Ajouter une mesure"},{"id":1619543104,"tr":"Modifier la mesure"},{"id":2990388381,"tr":"Ajouter une mesure :"},{"id":286708268,"tr":"Ajouter une armure"},{"id":1824141856,"tr":"Modifier l'armure"},{"id":697122941,"tr":"Ajouter clé et dimension"},{"id":3602788084,"tr":"Renommer la piste"},{"id":1527112919,"tr":"Ajouter une piste"},{"id":3176377209,"tr":"Créer un arpège"},{"id":2763713241,"tr":"Créer"},{"id":790055919,"tr":"Supprimer définitivement le projet (pas d'annulation) ?"},{"id":2639456521,"tr":"Saisissez le nom du projet pour confirmer la suppression:"},{"id":546999896,"tr":"Se connecter avec GitHub"},{"id":3271309150,"tr":"Annuler"},{"id":1485521680,"tr":"Appliquer"},{"id":4193497783,"tr":"Supprimer"},{"id":254241575,"tr":"Ajouter"},{"id":1879653305,"tr":"Enregistrer"},{"id":771855172,"tr":"Annuler"},{"id":2039478499,"tr":"Copier"},{"id":2036717174,"tr":"Couper"},{"id":3581851673,"tr":"Coller"},{"id":456433817,"tr":"Supprimer"},{"id":2484662410,"tr":"Presets"},{"id":1574835372,"tr":"Enregistrer le preset"},{"id":1795357495,"tr":"Grouper par nom"},{"id":1304913776,"tr":"Grouper par couleur"},{"id":667352373,"tr":"Grouper par instrument"},{"id":1209781982,"tr":"Ne pas grouper"},{"id":1170600044,"tr":"Plugins sélectionnés"},{"id":550512201,"tr":"Sélection"},{"id":1799687443,"tr":"Sélection"},{"id":2965047838,"tr":"Changements selectionnés"},{"id":481992152,"tr":"Version sélectionnée"},{"id":3378394717,"tr":"Confirmer"},{"id":3356001695,"tr":"Réinitialiser"},{"id":213486763,"tr":"Tout sélectionner"},{"id":2097945642,"tr":"Ne rien sélectionner"},{"id":1591962748,"tr":"Changer la version"},{"id":244233732,"tr":"Envoyer la version"},{"id":211811327,"tr":"Obtenir la version"},{"id":318608129,"tr":"Créer un nouvel instrument"},{"id":3763751911,"tr":"Ajouter à l'instrument"},{"id":1725194459,"tr":"Retirer de la liste"},{"id":1571929583,"tr":"Tout déconnecter"},{"id":1277706921,"tr":"Retirer de l'instrument"},{"id":801106519,"tr":"Recevoir l'audio de"},{"id":186143671,"tr":"Envoyer l'audio à"},{"id":2211432018,"tr":"Recevoir MIDI de"},{"id":3414815026,"tr":"Envoyer MIDI à"},{"id":2937191410,"tr":"Arpège"},{"id":1675985063,"tr":"Restructurer"},{"id":4102578342,"tr":"Redimensionner"},{"id":2665682,"tr":"Quantifier"},{"id":1022157835,"tr":"Divisions temporelles"},{"id":4252892904,"tr":"Déplacer vers la piste"},{"id":867845023,"tr":"Extraire comme nouvelle piste"},{"id":3841194431,"tr":"Éditer"},{"id":4241810463,"tr":"Transposer au dessus"},{"id":716604346,"tr":"Transposer en dessous"},{"id":2972173159,"tr":"Masquer les modifications"},{"id":1834413546,"tr":"Restaurer les modifications"},{"id":2478565035,"tr":"Basculer les modifications"},{"id":3235320386,"tr":"Tout confirmer"},{"id":1710985244,"tr":"Effacer tout"},{"id":2874819640,"tr":"Synchroniser toutes les révisions"},{"id":1688770220,"tr":"Créer des arpèges à partir de la sélection"},{"id":1190757224,"tr":"Modificateurs"},{"id":3028225703,"tr":"Ajouter des modificateurs"},{"id":879252112,"tr":"Appliquer tout"},{"id":4180138779,"tr":"Activer tout"},{"id":1885708168,"tr":"Désactiver tout"},{"id":2532514103,"tr":"Supprimer tout"},{"id":1028168276,"tr":"Supprimer les fragments se recoupant"},{"id":846647849,"tr":"Inverser vers le haut"},{"id":1220787472,"tr":"Inverser vers le bas"},{"id":2012105039,"tr":"Rétrograde"},{"id":822935817,"tr":"Inversion mélodique"},{"id":507958643,"tr":"Un cran au-dessus"},{"id":1007904678,"tr":"Un cran en dessous"},{"id":2869155537,"tr":"S'aligner sur la frette"},{"id":1528798874,"tr":"Legato"},{"id":2794105238,"tr":"Staccato"},{"id":3083511528,"tr":"Quantifier à 1"},{"id":3133844385,"tr":"Quantifier à 1/2"},{"id":3167399623,"tr":"Quantifier à 1/4"},{"id":2966068195,"tr":"Quantifier à 1/8"},{"id":839167866,"tr":"Quantifier à 1/16"},{"id":3054107764,"tr":"Quantifier à 1/32"},{"id":1651351091,"tr":"Fusionner les duolets"},{"id":1668128710,"tr":"Duolet"},{"id":1684906329,"tr":"Triolet"},{"id":1701683948,"tr":"Quartolet"},{"id":1718461567,"tr":"Quintolet"},{"id":1735239186,"tr":"Sextolet"},{"id":1752016805,"tr":"Septolet"},{"id":1768794424,"tr":"Octolet"},{"id":1785572043,"tr":"Nonolet"},{"id":1964787372,"tr":"Supprimer le projet"},{"id":1290661052,"tr":"Fermer le projet"},{"id":928399350,"tr":"Ajouter"},{"id":3317557735,"tr":"Ajouter une piste"},{"id":645576901,"tr":"Ajouter l'automatisation"},{"id":2074424237,"tr":"Tempo"},{"id":3181537267,"tr":"Importer MIDI"},{"id":286266083,"tr":"Exporter"},{"id":283934353,"tr":"Exporter au format FLAC"},{"id":3770425203,"tr":"Exporter au format WAV"},{"id":2784651386,"tr":"Exporter en fichier MIDI"},{"id":2111085155,"tr":"Enregistré dans"},{"id":1960742513,"tr":"Restructurer"},{"id":1072522987,"tr":"Transposer au dessus"},{"id":1534443262,"tr":"Transposer en dessous"},{"id":3619405988,"tr":"Organiser"},{"id":3628117647,"tr":"Éditer"},{"id":4050824030,"tr":"Versions"},{"id":1534016342,"tr":"Changer l‘instrument"},{"id":1258819190,"tr":"Changer de tempérament"},{"id":964249579,"tr":"Convertir en tempérament"},{"id":68408789,"tr":"Renommer"},{"id":322545603,"tr":"Modifier le flux du signal"},{"id":1071720068,"tr":"Montrer UI"},{"id":3040463687,"tr":"Ajouter un effet"},{"id":4272673891,"tr":"Ajouter un instrument"},{"id":3491839653,"tr":"Recharger la liste des plugins"},{"id":2053497241,"tr":"Scanner le dossier"},{"id":1417743331,"tr":"Ajouter"},{"id":4103869326,"tr":"Éditer la configuration clavier"},{"id":2912552282,"tr":"Charger la configuration clavier"},{"id":3333104885,"tr":"Réinitialiser la configuration du clavier"},{"id":4045853540,"tr":"Sélectionner tout"},{"id":3311753376,"tr":"Changer l‘instrument"},{"id":2444332244,"tr":"Changer le canal"},{"id":3446786075,"tr":"Renommer"},{"id":1771713166,"tr":"Cloner"},{"id":3026643362,"tr":"Supprimer le calque"},{"id":2210761276,"tr":"Démarrer un nouveau projet"},{"id":482801920,"tr":"Ouvrir un projet"},{"id":3206888047,"tr":"Désactiver"},{"id":2577061788,"tr":"Activer"},{"id":2776333865,"tr":"Solo on"},{"id":3607741458,"tr":"Solo off"},{"id":3644054957,"tr":"Retour"},{"id":2706383387,"tr":"Titre"},{"id":2173071876,"tr":"Auteur"},{"id":468920255,"tr":"Description"},{"id":3297839210,"tr":"Licence"},{"id":156268671,"tr":"Durée"},{"id":361606965,"tr":"Commencé le"},{"id":221412530,"tr":"Statistique des versions"},{"id":2925408387,"tr":"Consiste en"},{"id":407797718,"tr":"Emplacement du fichier"},{"id":3440049797,"tr":"Tempéraments"},{"id":3745011691,"tr":"Copyright"},{"id":2795589943,"tr":"Plugins audio disponibles"},{"id":4038033467,"tr":"Nom et vendeur du plugin"},{"id":2705752965,"tr":"Catégorie"},{"id":888072614,"tr":"Format"},{"id":4126219390,"tr":"Sélectionnez le dossier à scanner"},{"id":683562187,"tr":"Créer un nouveau projet"},{"id":2481288298,"tr":"Choisissez un fichier à exporter"},{"id":850836736,"tr":"Choisissez un fichier à charger"},{"id":2322273969,"tr":"Choisissez un fichier à importer"},{"id":91911233,"tr":"Rendre vers :"},{"id":4017198753,"tr":"Rendre"},{"id":2419280861,"tr":"Arrêter le rendu"},{"id":3291361058,"tr":"Définir le tempo, BPM :"},{"id":976005237,"tr":"Taper le tempo"},{"id":3060852065,"tr":"Définir un tempo"},{"id":3297203332,"tr":"Liste des projets"},{"id":2380319525,"tr":"Timeline et pistes"},{"id":776915199,"tr":"Compilateur d’accords"},{"id":2253285864,"tr":"Déplacer des notes"},{"id":2550848205,"tr":"Suggestion"},{"id":778957150,"tr":"Générer un accord"},{"id":276323220,"tr":"Tonalité"},{"id":2235749264,"tr":"Tonique"},{"id":2286082121,"tr":"Sus-tonique"},{"id":2269304502,"tr":"Médiante"},{"id":2319637359,"tr":"Sous-dominante"},{"id":2302859740,"tr":"Dominante"},{"id":2353192597,"tr":"Sous-médiante"},{"id":2336414978,"tr":"Sous-tonique"},{"id":564697854,"tr":"Audio"},{"id":343846724,"tr":"Moteur"},{"id":3423243260,"tr":"Pilote"},{"id":3486057338,"tr":"Taux d'échantillonnage"},{"id":1105659109,"tr":"Dimension du buffer"},{"id":3767285732,"tr":"Enregistrer le MIDI depuis"},{"id":696182972,"tr":"Envoyer du MIDI à"},{"id":676628538,"tr":"Pas de sortie MIDI"},{"id":3059666133,"tr":"Aucun dispositif MIDI trouvé"},{"id":3794477833,"tr":"Réajustez les données MIDI du clavier 12 tons pour les tempéraments microtonaux"},{"id":3262042980,"tr":"Vérifier les mises à jour"},{"id":975670367,"tr":"Redémarrage requis"},{"id":3290169895,"tr":"Paramètres à synchroniser "},{"id":2262216348,"tr":"Utiliser le mode de rendu OpenGL"},{"id":2410691230,"tr":"Palette de couleurs"},{"id":3875839795,"tr":"Police"},{"id":823412658,"tr":"Utiliser la bare de titre native"},{"id":1246372377,"tr":"Animations de l'interface activées"},{"id":1920727158,"tr":"Utiliser la roulette de la souris pour le défilement"},{"id":748298622,"tr":"Défilement vertical par défaut"},{"id":2561004784,"tr":"Zoom vertical par défaut"},{"id":3294950313,"tr":"Suivre la tête de lecture"},{"id":192764448,"tr":"Saisissez le message de confirmation :"},{"id":3667121828,"tr":"Enregistrer"},{"id":323214936,"tr":"Annuler les changements sélectionnés ?"},{"id":2486920796,"tr":"Réinitialiser"},{"id":2688976833,"tr":"Le projet contient les modifications non synchronisées !"},{"id":2748830343,"tr":"Changer la version"},{"id":2150192494,"tr":"Sortie MIDI"},{"id":2148771953,"tr":"Lecteur SoundFont"},{"id":1498241359,"tr":"Métronome"},{"id":8750358,"tr":"Son de métronome intégré"},{"id":507341059,"tr":"Ajouté"},{"id":988340957,"tr":"Supprimé"},{"id":3044129637,"tr":"Modifié"},{"id":3966830291,"tr":"Sélectionnez les modifications à enregistrer."},{"id":361657737,"tr":"Sélectionnez les changements à réinitialiser."},{"id":2239706952,"tr":"Vous ne pouvez pas annuler les changements, cela supprimera les modifications effectuées."},{"id":2092556627,"tr":"Modifications du projet"},{"id":755494729,"tr":"Arbre de révision"},{"id":1466807325,"tr":"Toutes les modifications sont stockées"},{"id":740600380,"tr":"Toutes les modifications restaurées"},{"id":3204423818,"tr":"Timeline du Projet"},{"id":2510909962,"tr":"Infos sur le projet"},{"id":3211322524,"tr":"version"},{"id":4000436521,"tr":"et"},{"id":2398581504,"tr":"Erreur réseau"},{"id":1242033084,"tr":"Hier"},{"id":1606577149,"tr":"initialisé"},{"id":18555880,"tr":"la licence a été changée"},{"id":31830545,"tr":"le titre a été changé"},{"id":4021598998,"tr":"l'auteur a été changé"},{"id":472988657,"tr":"la description a été changée"},{"id":2880036239,"tr":"le tempérament a été changé"},{"id":2182619756,"tr":"la couleur a été changée"},{"id":4253760835,"tr":"calque vide"},{"id":2602248368,"tr":"modèle vide"},{"id":2109934724,"tr":"l'instrument a été changé"},{"id":3243932809,"tr":"le contrôleur a été changé"},{"id":3210663368,"tr":"le canal a été changé"},{"id":2141501166,"tr":"Raccourci clavier :"},{"id":815908432,"tr":"Basculer entre le piano roll et le pattern roll"},{"id":1988206468,"tr":"Zoomer"},{"id":108079057,"tr":"Dézoomer"},{"id":3920505673,"tr":"Zoom pour s'adapter à la piste sélectionnée"},{"id":2650851948,"tr":"Verrouiller le niveau de zoom actuel"},{"id":1764544841,"tr":"Passer à l'ancre suivante"},{"id":1561095669,"tr":"Passer à l'ancre précédente"},{"id":377363115,"tr":"Basculer la mise en surbrillance des échelles"},{"id":2823305337,"tr":"Basculer les guides de nom de note"},{"id":3951169083,"tr":"Basculer la mini-carte du projet"},{"id":127431244,"tr":"Basculer l'éditeur de volume et d'automatisation"},{"id":1589663718,"tr":"Basculer la boucle sur la sélection"},{"id":2079190982,"tr":"Mode d'édition : par défaut (sélection et édition)"},{"id":251736895,"tr":"Mode édition : stylo (insérer des notes et des clips)"},{"id":649474182,"tr":"Mode édition : faites glisser (maintenez l'espace enfoncé pour basculer dans ce mode)"},{"id":639175196,"tr":"Mode d'édition : couteau (couper/fusionner des notes et des clips)"},{"id":2896458336,"tr":"Outil d'accords pour jouer avec l'harmonie et les progressions"},{"id":3209268458,"tr":"Arpégiateurs"},{"id":1719740774,"tr":"Ajouter une nouvelle piste"},{"id":961840392,"tr":"Basculer le clic du métronome"},{"id":2265199415,"tr":"Basculer le mode d'enregistrement"},{"id":3144845477,"tr":"Démarrer ou arrêter la lecture"},{"id":2361001723,"tr":"Ionien"},{"id":1921553488,"tr":"Éolien"},{"id":2382045982,"tr":"Lydien"},{"id":994442821,"tr":"Mixolydien"},{"id":4042978826,"tr":"Dorien"},{"id":2049980375,"tr":"Phrygien"},{"id":1360799947,"tr":"Locrien"},{"id":4047078079,"tr":"Mélodique majeur"},{"id":2619486323,"tr":"Mélodique mineur"},{"id":215598663,"tr":"Harmonique majeur"},{"id":3945887243,"tr":"Harmonique mineur"},{"id":1089159483,"tr":"Hongrois majeur"},{"id":827147463,"tr":"Hongrois mineur"},{"id":2453297237,"tr":"Napolitain majeur"},{"id":417732145,"tr":"Napolitain mineur"},{"id":232492715,"tr":"Roumain majeur"},{"id":3308214711,"tr":"Roumain mineur"},{"id":1298743296,"tr":"Enigmatique"},{"id":892084257,"tr":"Enigmatique mineur"},{"id":2284927933,"tr":"Ionien augmenté"},{"id":2272612354,"tr":"Lydien dominant"},{"id":4136500064,"tr":"Lydien augmenté"},{"id":1416518516,"tr":"Lydien diminué"},{"id":4231080975,"tr":"Mixolydien augmenté"},{"id":3914030977,"tr":"Phrygien dominant"},{"id":805807533,"tr":"Locrien dominant"},{"id":3160581502,"tr":"Locrien majeur"},{"id":2202579943,"tr":"Ultraphrygien"},{"id":2837056976,"tr":"Superlocrien"},{"id":2605108987,"tr":"Ultralocrien"},{"id":1965071581,"tr":"Ton entier leader"},{"id":1367319047,"tr":"Double harmonique"},{"id":626733046,"tr":"Moitié diminué"},{"id":2141989878,"tr":"Dominante modifiée"},{"id":2402117461,"tr":"Blues heptatonique"},{"id":860101336,"tr":"Blues phrygien"},{"id":3745452021,"tr":"Blues modifié"},{"id":553375353,"tr":"Blues mixé"},{"id":32797868,"tr":"Ton principal du blues"},{"id":3801549673,"tr":"Rock'n'Roll"},{"id":1931755849,"tr":"Entrée audio"},{"id":4200658534,"tr":"Sortie audio"},{"id":3154594048,"tr":"Entrée MIDI"},{"id":2483423585,"tr":"Sortie MIDI"}],"pluralLiteral":[{"id":1853236155,"tr":[{"name":"{x} canal d'entrée","pluralForm":"1"},{"name":"{x} canaux d'entrée","pluralForm":"2"}]},{"id":4237797194,"tr":[{"name":"{x} canal de sortie","pluralForm":"1"},{"name":"{x} canaux de sortie","pluralForm":"2"}]},{"id":4187362806,"tr":[{"name":"{x} note ajoutée","pluralForm":"1"},{"name":"{x} notes ajoutées","pluralForm":"2"}]},{"id":2677001308,"tr":[{"name":"{x} note supprimée","pluralForm":"1"},{"name":"{x} notes supprimées","pluralForm":"2"}]},{"id":1115369500,"tr":[{"name":"{x} note changée","pluralForm":"1"},{"name":"{x} notes changées","pluralForm":"2"}]},{"id":1670191088,"tr":[{"name":"{x} événement ajouté","pluralForm":"1"},{"name":"{x} événements ajoutés","pluralForm":"2"}]},{"id":4188356498,"tr":[{"name":"{x} événement supprimé","pluralForm":"1"},{"name":"{x} les événements supprimés","pluralForm":"2"}]},{"id":1822865234,"tr":[{"name":"{x} évènement modifié","pluralForm":"1"},{"name":"{x} événements modifiés","pluralForm":"2"}]},{"id":2539740572,"tr":[{"name":"{x} clip ajouté","pluralForm":"1"},{"name":"{x} clips ajoutés","pluralForm":"2"}]},{"id":1838846406,"tr":[{"name":"{x} clip supprimé","pluralForm":"1"},{"name":"{x} clips supprimés","pluralForm":"2"}]},{"id":3829748102,"tr":[{"name":"{x} clip modifié","pluralForm":"1"},{"name":"{x} clips modifiés","pluralForm":"2"}]},{"id":159801621,"tr":[{"name":"{x} annotation ajoutée","pluralForm":"1"},{"name":"{x} annotations ajoutées","pluralForm":"2"}]},{"id":335767671,"tr":[{"name":"{x} annotation supprimée","pluralForm":"1"},{"name":"{x} annotations supprimées","pluralForm":"2"}]},{"id":1776240695,"tr":[{"name":"{x} annotation modifiée","pluralForm":"1"},{"name":"{x} annotations modifiées","pluralForm":"2"}]},{"id":2264722107,"tr":[{"name":"{x} mesure ajoutée","pluralForm":"1"},{"name":"{x} mesures ajoutées","pluralForm":"2"}]},{"id":755875505,"tr":[{"name":"{x} mesure supprimée","pluralForm":"1"},{"name":"{x} mesures supprimées","pluralForm":"2"}]},{"id":1775129073,"tr":[{"name":"{x} mesure modifiée","pluralForm":"1"},{"name":"{x} mesures modifiées","pluralForm":"2"}]},{"id":3133606715,"tr":[{"name":"{x} armure ajoutée","pluralForm":"1"},{"name":"{x} armures ajoutées","pluralForm":"2"}]},{"id":1992957705,"tr":[{"name":"{x} armure supprimée","pluralForm":"1"},{"name":"{x} armures supprimées","pluralForm":"2"}]},{"id":4237699145,"tr":[{"name":"{x} armure modifiée","pluralForm":"1"},{"name":"{x} armures modifiées","pluralForm":"2"}]},{"id":2895268064,"tr":[{"name":"{x} note","pluralForm":"1"},{"name":"{x} notes","pluralForm":"2"}]},{"id":3458549142,"tr":[{"name":"{x} événement","pluralForm":"1"},{"name":"{x} événements","pluralForm":"2"}]},{"id":1029569651,"tr":[{"name":"{x} annotation","pluralForm":"1"},{"name":"{x} annotations","pluralForm":"2"}]},{"id":2984658661,"tr":[{"name":"{x} mesure","pluralForm":"1"},{"name":"{x} mesures","pluralForm":"2"}]},{"id":3241281125,"tr":[{"name":"{x} armure","pluralForm":"1"},{"name":"{x} armures","pluralForm":"2"}]},{"id":3319356210,"tr":[{"name":"{x} clip","pluralForm":"1"},{"name":"{x} clips","pluralForm":"2"}]},{"id":3631037336,"tr":[{"name":"{x} modèle","pluralForm":"1"},{"name":"{x} modèles","pluralForm":"2"}]},{"id":2452992563,"tr":[{"name":"{x} piste","pluralForm":"1"},{"name":"{x} pistes","pluralForm":"2"}]},{"id":1323194979,"tr":[{"name":"{x} révision","pluralForm":"1"},{"name":"{x} révisions","pluralForm":"2"}]},{"id":3610422080,"tr":[{"name":"{x} delta","pluralForm":"1"},{"name":"{x} deltas","pluralForm":"2"}]},{"id":2855433704,"tr":[{"name":"{x} minute","pluralForm":"1"},{"name":"{x} minutes","pluralForm":"2"}]},{"id":4122223288,"tr":[{"name":"{x} seconde","pluralForm":"1"},{"name":"{x} secondes","pluralForm":"2"}]},{"id":1807553330,"tr":{"name":"déplacé de {x}","pluralForm":"1"}}]},
{"id":"zh","name":"简体中文","pluralEquation":"1","literal":[{"id":590543227,"tr":"工程已启动"},{"id":242354915,"tr":"新建工程"},{"id":973370257,"tr":"新建轨道"},{"id":3682062690,"tr":"速度"},{"id":3475921130,"tr":"体积"},{"id":3279548549,"tr":"工作室"},{"id":3086290873,"tr":"乐器"},{"id":3686062664,"tr":"设置"},{"id":1113353303,"tr":"版本"},{"id":3324938734,"tr":"样式"},{"id":1791647634,"tr":"键盘映射"},{"id":855043400,"tr":"重命名乐器"},{"id":1662581644,"tr":"重命名"},{"id":3826312522,"tr":"添加注释"},{"id":726307987,"tr":"输入注释："},{"id":2359576018,"tr":"编辑注释"},{"id":3364643503,"tr":"更改拍号"},{"id":2076234654,"tr":"添加拍号"},{"id":1619543104,"tr":"更改拍号"},{"id":2990388381,"tr":"输入新拍号"},{"id":286708268,"tr":"添加调号"},{"id":1824141856,"tr":"更改调号"},{"id":697122941,"tr":"添加调式"},{"id":3602788084,"tr":"重命名轨道"},{"id":1527112919,"tr":"添加轨道"},{"id":3176377209,"tr":"创建琶音"},{"id":2763713241,"tr":"创建"},{"id":790055919,"tr":"永久删除项目（不可撤销）？"},{"id":2639456521,"tr":"请输入项目名称以确认删除："},{"id":546999896,"tr":"使用 GitHub 账号登录"},{"id":3271309150,"tr":"取消"},{"id":1485521680,"tr":"应用"},{"id":4193497783,"tr":"删除"},{"id":254241575,"tr":"添加"},{"id":1879653305,"tr":"保存"},{"id":771855172,"tr":"取消"},{"id":2039478499,"tr":"复制"},{"id":2036717174,"tr":"剪切"},{"id":3581851673,"tr":"粘贴"},{"id":456433817,"tr":"删除"},{"id":2484662410,"tr":"预设"},{"id":1574835372,"tr":"保存预设"},{"id":1795357495,"tr":"按名称分组"},{"id":1304913776,"tr":"按颜色分组"},{"id":667352373,"tr":"按乐器分组"},{"id":1209781982,"tr":"不分组"},{"id":1170600044,"tr":"已选插件"},{"id":550512201,"tr":"已选音符"},{"id":1799687443,"tr":"已选片段"},{"id":2965047838,"tr":"已选更改"},{"id":481992152,"tr":"已选版本"},{"id":3378394717,"tr":"提交"},{"id":3356001695,"tr":"重置"},{"id":213486763,"tr":"全选"},{"id":2097945642,"tr":"未选"},{"id":1591962748,"tr":"检出版本"},{"id":244233732,"tr":"推送"},{"id":211811327,"tr":"拉取"},{"id":318608129,"tr":"创建新乐器"},{"id":3763751911,"tr":"添加到乐器"},{"id":1725194459,"tr":"从列表删除"},{"id":1571929583,"tr":"断开所有连接"},{"id":1277706921,"tr":"从乐器中移除"},{"id":801106519,"tr":"接收音频自"},{"id":186143671,"tr":"发送音频至"},{"id":2211432018,"tr":"接收 MIDI 自"},{"id":3414815026,"tr":"发送 MIDI 至"},{"id":2937191410,"tr":"琶音"},{"id":1675985063,"tr":"重构"},{"id":4102578342,"tr":"重新缩放"},{"id":2665682,"tr":"量化"},{"id":1022157835,"tr":"切割"},{"id":4252892904,"tr":"移动到轨道"},{"id":867845023,"tr":"导出到新轨道"},{"id":3841194431,"tr":"编辑"},{"id":4241810463,"tr":"向上移调"},{"id":716604346,"tr":"向下移调"},{"id":2972173159,"tr":"隐藏更改"},{"id":1834413546,"tr":"恢复更改"},{"id":2478565035,"tr":"切换更改"},{"id":3235320386,"tr":"提交全部"},{"id":1710985244,"tr":"重置全部"},{"id":2874819640,"tr":"同步全部更改"},{"id":1688770220,"tr":"从选区中创建琶音"},{"id":1190757224,"tr":"修饰符"},{"id":3028225703,"tr":"添加修饰符"},{"id":879252112,"tr":"全部申请"},{"id":4180138779,"tr":"全部启用"},{"id":1885708168,"tr":"禁用所有"},{"id":2532514103,"tr":"删除所有"},{"id":1028168276,"tr":"移除重叠部分"},{"id":846647849,"tr":"向上反向"},{"id":1220787472,"tr":"向下反向"},{"id":2012105039,"tr":"倒放"},{"id":822935817,"tr":"旋律倒置"},{"id":507958643,"tr":"按比例向上移调"},{"id":1007904678,"tr":"按比例向下移调"},{"id":2869155537,"tr":"按比例缩放"},{"id":1528798874,"tr":"连奏"},{"id":2794105238,"tr":"断奏"},{"id":3083511528,"tr":"量化到 1"},{"id":3133844385,"tr":"量化到 1/2"},{"id":3167399623,"tr":"量化到 1/4"},{"id":2966068195,"tr":"量化到 1/8"},{"id":839167866,"tr":"量化到 1/16"},{"id":3054107764,"tr":"量化到 1/32"},{"id":1651351091,"tr":"合并二连音"},{"id":1668128710,"tr":"二连音"},{"id":1684906329,"tr":"三连音"},{"id":1701683948,"tr":"四连音"},{"id":1718461567,"tr":"五连音"},{"id":1735239186,"tr":"六连音"},{"id":1752016805,"tr":"七连音"},{"id":1768794424,"tr":"八连音"},{"id":1785572043,"tr":"九连音"},{"id":1964787372,"tr":"删除项目"},{"id":1290661052,"tr":"关闭项目"},{"id":928399350,"tr":"添加"},{"id":3317557735,"tr":"添加轨道"},{"id":645576901,"tr":"添加自动化"},{"id":2074424237,"tr":"主速度"},{"id":3181537267,"tr":"导入 MIDI"},{"id":286266083,"tr":"导出"},{"id":283934353,"tr":"导出为 FLAC"},{"id":3770425203,"tr":"导出为 WAV"},{"id":2784651386,"tr":"导出 MIDI"},{"id":2111085155,"tr":"已保存至"},{"id":1960742513,"tr":"重构"},{"id":1072522987,"tr":"向上移调"},{"id":1534443262,"tr":"向下移调"},{"id":3619405988,"tr":"编曲"},{"id":3628117647,"tr":"编辑"},{"id":4050824030,"tr":"版本"},{"id":1534016342,"tr":"更改乐器"},{"id":1258819190,"tr":"更改调律"},{"id":964249579,"tr":"转换调律"},{"id":68408789,"tr":"重命名"},{"id":322545603,"tr":"编辑连接"},{"id":1071720068,"tr":"显示用户界面"},{"id":3040463687,"tr":"添加效果器节点"},{"id":4272673891,"tr":"添加乐器节点"},{"id":3491839653,"tr":"扫描通用插件文件夹"},{"id":2053497241,"tr":"扫描自定义插件文件夹"},{"id":1417743331,"tr":"添加"},{"id":4103869326,"tr":"编辑键盘映射"},{"id":2912552282,"tr":"加载 Scala 映射"},{"id":3333104885,"tr":"重置键盘映射"},{"id":4045853540,"tr":"全选"},{"id":3311753376,"tr":"设置乐器"},{"id":2444332244,"tr":"设置频道"},{"id":3446786075,"tr":"重命名"},{"id":1771713166,"tr":"创建副本"},{"id":3026643362,"tr":"删除轨道"},{"id":2210761276,"tr":"新建工程"},{"id":482801920,"tr":"打开工程"},{"id":3206888047,"tr":"静音"},{"id":2577061788,"tr":"取消静音"},{"id":2776333865,"tr":"独奏"},{"id":3607741458,"tr":"取消独奏"},{"id":3644054957,"tr":"返回"},{"id":2706383387,"tr":"标题"},{"id":2173071876,"tr":"作者"},{"id":468920255,"tr":"描述"},{"id":3297839210,"tr":"许可证"},{"id":156268671,"tr":"长度"},{"id":361606965,"tr":"起始于"},{"id":221412530,"tr":"版本控制"},{"id":2925408387,"tr":"包含"},{"id":407797718,"tr":"文件位置"},{"id":3440049797,"tr":"调律"},{"id":3745011691,"tr":"版权"},{"id":2795589943,"tr":"可用音频插件"},{"id":845927021,"tr":"已使用的乐器"},{"id":4038033467,"tr":"插件厂商与名称"},{"id":2705752965,"tr":"类别"},{"id":888072614,"tr":"格式"},{"id":4126219390,"tr":"选择文件夹进行扫描"},{"id":683562187,"tr":"创建新工程"},{"id":2481288298,"tr":"导出到文件"},{"id":850836736,"tr":"选择文件并加载"},{"id":2322273969,"tr":"选择文件并导入"},{"id":91911233,"tr":"导出为："},{"id":4017198753,"tr":"导出"},{"id":2419280861,"tr":"放弃导出"},{"id":3291361058,"tr":"设置节拍速度，BPM："},{"id":976005237,"tr":"敲击节拍"},{"id":3060852065,"tr":"设置一个节拍"},{"id":3297203332,"tr":"项目列表"},{"id":2380319525,"tr":"时间轴与轨道"},{"id":776915199,"tr":"和弦编译器"},{"id":2253285864,"tr":"移动音符"},{"id":2262892612,"tr":"静音开关"},{"id":241328026,"tr":"独奏开关"},{"id":2460892418,"tr":"音阶高亮开关"},{"id":4143889728,"tr":"音名显示开关"},{"id":102780623,"tr":"选区循环开关"},{"id":2550848205,"tr":"建议"},{"id":778957150,"tr":"生成和弦"},{"id":276323220,"tr":"调性"},{"id":2235749264,"tr":"主音"},{"id":2286082121,"tr":"上主音"},{"id":2269304502,"tr":"中音"},{"id":2319637359,"tr":"下属音"},{"id":2302859740,"tr":"属音"},{"id":2353192597,"tr":"下中音"},{"id":2336414978,"tr":"下主音"},{"id":564697854,"tr":"音频"},{"id":343846724,"tr":"设备"},{"id":3423243260,"tr":"驱动"},{"id":3486057338,"tr":"采样率"},{"id":1105659109,"tr":"缓存大小"},{"id":3767285732,"tr":"MIDI 输入设备"},{"id":696182972,"tr":"发送 MIDI 到"},{"id":676628538,"tr":"没有 MIDI 输出"},{"id":3059666133,"tr":"找不到 MIDI 设备"},{"id":3794477833,"tr":"重新调整12音键盘的 MIDI 数据以适应微分调律"},{"id":3262042980,"tr":"检查更新"},{"id":975670367,"tr":"需要重新启动"},{"id":3290169895,"tr":"需要同步的设置"},{"id":2262216348,"tr":"使用 OpenGL 渲染器"},{"id":2410691230,"tr":"用户界面主题"},{"id":3875839795,"tr":"字体"},{"id":823412658,"tr":"使用原生标题栏"},{"id":1246372377,"tr":"启用用户界面动画"},{"id":1920727158,"tr":"默认使用鼠标滚轮移动位置"},{"id":748298622,"tr":"默认为垂直平移"},{"id":2561004784,"tr":"默认为垂直缩放"},{"id":3294950313,"tr":"跟随播放头"},{"id":192764448,"tr":"输入提交信息："},{"id":3667121828,"tr":"提交"},{"id":323214936,"tr":"是否重置选中的更改？"},{"id":2486920796,"tr":"重置"},{"id":2688976833,"tr":"项目包含尚未提交的更改！"},{"id":2748830343,"tr":"检出版本"},{"id":1832656470,"tr":"Helio 默认"},{"id":2150192494,"tr":"MIDI 输出"},{"id":2148771953,"tr":"SoundFont 播放器"},{"id":1498241359,"tr":"节拍器"},{"id":8750358,"tr":"内置节拍器声音"},{"id":507341059,"tr":"已添加"},{"id":988340957,"tr":"已删除"},{"id":3044129637,"tr":"已变更"},{"id":3966830291,"tr":"选择更改以保存。"},{"id":361657737,"tr":"选择更改以重置。"},{"id":2239706952,"tr":"暂存区不为空，无法恢复更改！"},{"id":2092556627,"tr":"项目更改"},{"id":755494729,"tr":"版本树"},{"id":1466807325,"tr":"设置已保存"},{"id":740600380,"tr":"设置已恢复"},{"id":3204423818,"tr":"工程时间线"},{"id":2510909962,"tr":"工程信息"},{"id":3211322524,"tr":"版本"},{"id":4000436521,"tr":"和"},{"id":2398581504,"tr":"网络错误"},{"id":1242033084,"tr":"昨天"},{"id":1606577149,"tr":"初始化完毕"},{"id":18555880,"tr":"已更改许可信息"},{"id":31830545,"tr":"已更改标题"},{"id":4021598998,"tr":"已更改作者"},{"id":472988657,"tr":"已更改描述"},{"id":2880036239,"tr":"已更改调律"},{"id":2182619756,"tr":"已更改颜色"},{"id":4253760835,"tr":"空白序列"},{"id":2602248368,"tr":"空白样式"},{"id":2109934724,"tr":"已更改乐器"},{"id":3243932809,"tr":"已更改控制器"},{"id":3210663368,"tr":"已更改频道"},{"id":2141501166,"tr":"快捷键:"},{"id":815908432,"tr":"在钢琴卷和样式卷中切换"},{"id":1988206468,"tr":"放大"},{"id":108079057,"tr":"缩小"},{"id":3920505673,"tr":"缩放到适合轨道"},{"id":2650851948,"tr":"锁定当前缩放级别"},{"id":1764544841,"tr":"跳转到下一段落"},{"id":1561095669,"tr":"跳转到上一段落"},{"id":377363115,"tr":"音阶高亮开关"},{"id":2823305337,"tr":"音符名称开关"},{"id":3951169083,"tr":"小地图开关"},{"id":127431244,"tr":"切换音量和自动化编辑器"},{"id":1589663718,"tr":"所选段落循环开关"},{"id":2079190982,"tr":"编辑模式：默认 – 选择和编辑"},{"id":251736895,"tr":"编辑模式：铅笔 – 插入音符和片段"},{"id":649474182,"tr":"编辑模式：拖放 – 按下空格键切换此模式"},{"id":639175196,"tr":"编辑模式：刀 – 裁剪音符、和弦和轨道"},{"id":2896458336,"tr":"和弦工具，用于播放泛音和序列"},{"id":3209268458,"tr":"琶音"},{"id":1719740774,"tr":"新增轨道"},{"id":961840392,"tr":"切换节拍器开/关"},{"id":2265199415,"tr":"切换录制模式（等待第一个音符输入时开始录制）"},{"id":3144845477,"tr":"开始/停止播放"},{"id":2361001723,"tr":"爱奥尼亚调式"},{"id":1921553488,"tr":"伊奥尼亚调式"},{"id":2382045982,"tr":"吕底亚调式"},{"id":994442821,"tr":"混合吕底亚调式"},{"id":4042978826,"tr":"多利亚调式"},{"id":2049980375,"tr":"弗里吉亚调式"},{"id":1360799947,"tr":"洛克利亚调式"},{"id":4047078079,"tr":"旋律大调"},{"id":2619486323,"tr":"旋律小调"},{"id":215598663,"tr":"和声大调"},{"id":3945887243,"tr":"和声小调"},{"id":1089159483,"tr":"匈牙利大调"},{"id":827147463,"tr":"匈牙利小调"},{"id":2453297237,"tr":"那不勒斯大调"},{"id":417732145,"tr":"那不勒斯小调"},{"id":232492715,"tr":"罗马尼亚大调"},{"id":3308214711,"tr":"罗马尼亚小调"},{"id":1298743296,"tr":"神秘大调"},{"id":892084257,"tr":"神秘小调"},{"id":2284927933,"tr":"爱奥尼亚增调"},{"id":2272612354,"tr":"吕底亚属调"},{"id":4136500064,"tr":"吕底亚增调"},{"id":1416518516,"tr":"吕底亚减调"},{"id":4231080975,"tr":"混合吕底亚增调"},{"id":3914030977,"tr":"弗里吉亚属调"},{"id":805807533,"tr":"洛克利亚属调"},{"id":3160581502,"tr":"大型洛克利亚调式"},{"id":2202579943,"tr":"终级弗里吉亚调式"},{"id":2837056976,"tr":"超级洛克利亚调式"},{"id":2605108987,"tr":"终级洛克利亚调式"},{"id":1965071581,"tr":"全分音符主音"},{"id":1367319047,"tr":"双重泛音"},{"id":626733046,"tr":"半减调"},{"id":2141989878,"tr":"交替属调"},{"id":2402117461,"tr":"七声布鲁斯"},{"id":860101336,"tr":"弗里吉亚布鲁斯"},{"id":3745452021,"tr":"修改后的布鲁斯"},{"id":553375353,"tr":"混合布鲁斯"},{"id":32797868,"tr":"主音布鲁斯"},{"id":3801549673,"tr":"摇滚"},{"id":1931755849,"tr":"音频输入"},{"id":4200658534,"tr":"音频输出"},{"id":3154594048,"tr":"MIDI 输入"},{"id":2483423585,"tr":"MIDI 输出"}],"pluralLiteral":[{"id":1853236155,"tr":{"name":"{x}个输入通道","pluralForm":"1"}},{"id":4237797194,"tr":{"name":"{x}个输出通道","pluralForm":"1"}},{"id":4187362806,"tr":{"name":"添加了{x}个音符","pluralForm":"1"}},{"id":2677001308,"tr":{"name":"移除了{x}个音符","pluralForm":"1"}},{"id":1115369500,"tr":{"name":"更改了{x}个音符","pluralForm":"1"}},{"id":1670191088,"tr":{"name":"添加了{x}个事件","pluralForm":"1"}},{"id":4188356498,"tr":{"name":"移除了{x}个事件","pluralForm":"1"}},{"id":1822865234,"tr":{"name":"更改了{x}个事件","pluralForm":"1"}},{"id":2539740572,"tr":{"name":"添加了{x}个片段","pluralForm":"1"}},{"id":1838846406,"tr":{"name":"移除了{x}个片段","pluralForm":"1"}},{"id":3829748102,"tr":{"name":"更改了{x}个片段","pluralForm":"1"}},{"id":159801621,"tr":{"name":"添加了{x}个注释","pluralForm":"1"}},{"id":335767671,"tr":{"name":"移除了{x}个注释","pluralForm":"1"}},{"id":1776240695,"tr":{"name":"更改了{x}个注释","pluralForm":"1"}},{"id":2264722107,"tr":{"name":"添加了{x}个拍号","pluralForm":"1"}},{"id":755875505,"tr":{"name":"移除了{x}个拍号","pluralForm":"1"}},{"id":1775129073,"tr":{"name":"更改了{x}个拍号","pluralForm":"1"}},{"id":3133606715,"tr":{"name":"添加了{x}个调号","pluralForm":"1"}},{"id":1992957705,"tr":{"name":"移除了{x}个调号","pluralForm":"1"}},{"id":4237699145,"tr":{"name":"更改了{x}个调号","pluralForm":"1"}},{"id":2895268064,"tr":{"name":"{x}个音符","pluralForm":"1"}},{"id":3458549142,"tr":{"name":"{x}个事件","pluralForm":"1"}},{"id":1029569651,"tr":{"name":"{x}个注释","pluralForm":"1"}},{"id":2984658661,"tr":{"name":"{x}个拍号","pluralForm":"1"}},{"id":3241281125,"tr":{"name":"{x}个调号","pluralForm":"1"}},{"id":3319356210,"tr":{"name":"{x}个片段","pluralForm":"1"}},{"id":3631037336,"tr":{"name":"{x}个样式","pluralForm":"1"}},{"id":2452992563,"tr":{"name":"{x}层","pluralForm":"1"}},{"id":1323194979,"tr":{"name":"{x}个版本","pluralForm":"1"}},{"id":3610422080,"tr":{"name":"{x}个差异","pluralForm":"1"}},{"id":2855433704,"tr":{"name":"{x}分","pluralForm":"1"}},{"id":4122223288,"tr":{"name":"{x}秒","pluralForm":"1"}},{"id":1807553330,"tr":{"name":"已从{x}中移动","pluralForm":"1"}}]}
]}}