{
    "e2fsprogs": {
        "cargoLocks": null,
        "date": null,
        "extract": null,
        "name": "e2fsprogs",
        "passthru": null,
        "pinned": false,
        "src": {
            "deepClone": false,
            "fetchSubmodules": false,
            "leaveDotGit": false,
            "name": null,
            "owner": "onekey-sec",
            "repo": "e2fsprogs",
            "rev": "v1.47.0-3.ok2",
            "sha256": "sha256-LvPWZlrH/P4PHupC+e+R1v9C41FBBqKp3cRaqHxkNTw=",
            "type": "github"
        },
        "version": "v1.47.0-3.ok2"
    },
    "jefferson": {
        "cargoLocks": null,
        "date": null,
        "extract": null,
        "name": "jefferson",
        "passthru": null,
        "pinned": false,
        "src": {
            "name": null,
            "sha256": "sha256-+cPOzzO3bCQAu8LrbjUJ5S/SR5OFitOYLIu5L9t/q+k=",
            "type": "url",
            "url": "https://pypi.org/packages/source/j/jefferson/jefferson-0.4.5.tar.gz"
        },
        "version": "0.4.5"
    },
    "pyfatfs": {
        "cargoLocks": null,
        "date": null,
        "extract": null,
        "name": "pyfatfs",
        "passthru": null,
        "pinned": false,
        "src": {
            "name": null,
            "sha256": "sha256-lyXM0KTaHAnCc1irvxDwjAQ6yEIQr1doA+CH9RorMOA=",
            "type": "url",
            "url": "https://pypi.org/packages/source/p/pyfatfs/pyfatfs-1.1.0.tar.gz"
        },
        "version": "1.1.0"
    },
    "treelib": {
        "cargoLocks": null,
        "date": null,
        "extract": null,
        "name": "treelib",
        "passthru": null,
        "pinned": false,
        "src": {
            "name": null,
            "sha256": "sha256-m/8a9Ba55kKmzQ4EMdFe3yaiS40MiuaK+9OAG14w+2E=",
            "type": "url",
            "url": "https://pypi.org/packages/source/t/treelib/treelib-1.7.0.tar.gz"
        },
        "version": "1.7.0"
    },
    "ubi_reader": {
        "cargoLocks": null,
        "date": null,
        "extract": null,
        "name": "ubi_reader",
        "passthru": null,
        "pinned": false,
        "src": {
            "name": null,
            "sha256": "sha256-b6Jp8xB6jie35F/oLEea1RF+F8J64AiiQE3/ufwu1mE=",
            "type": "url",
            "url": "https://pypi.org/packages/source/u/ubi_reader/ubi_reader-0.8.9.tar.gz"
        },
        "version": "0.8.9"
    }
}