{
  "version": 2,
  "cmakeMinimumRequired": {
    "major": 3,
    "minor": 14,
    "patch": 0
  },
  "configurePresets": [
    {
      "name": "dev-common",
      "hidden": true,
      "inherits": ["dev-mode"{% if pm %}, "{= pm_name =}"{% end %}{% if use_clang_tidy %}, "clang-tidy"{% end %}{% if use_cppcheck %}, "cppcheck"{% end %}],
      "cacheVariables": {
        "BUILD_MCSS_DOCS": "ON"
      }
    },
    {
      "name": "dev-unix",
      "binaryDir": "${sourceDir}/build/dev-unix",
      "inherits": ["dev-common", "ci-unix"],
      "cacheVariables": {
        "CMAKE_BUILD_TYPE": "Debug"
      }
    },
    {
      "name": "dev-win64",
      "binaryDir": "${sourceDir}/build/dev-win64",
      "inherits": ["dev-common", "ci-win64"{% if vcpkg %}, "vcpkg-win64-static"{% end %}]
    },
    {
      "name": "dev",
      "binaryDir": "${sourceDir}/build/dev",
      "inherits": "dev-{= os =}"
    },
    {
      "name": "dev-coverage",
      "binaryDir": "${sourceDir}/build/coverage",
      "inherits": ["dev-mode", "coverage-unix"{% if pm %}, "{= pm_name =}"{% end %}]
    }
  ],
  "buildPresets": [
    {
      "name": "dev",
      "configurePreset": "dev",
      "configuration": "Debug",
      "jobs": {= cpus =}
    }
  ],
  "testPresets": [
    {
      "name": "dev",
      "configurePreset": "dev",
      "configuration": "Debug",
      "output": {
        "outputOnFailure": true
      },
      "execution": {
        "jobs": {= cpus =}
      }
    }
  ]
}
