{
  "name": "{= name =}",
  "version-semver": "{= version =}",
  "dependencies": [
    {
      "name": "{% if c %}json-c{% else %}fmt{% end %}",
      "version>=": "{% if c %}2019-09-10{% else %}8.1.1{% end %}"
    }{% if c and exe %},
    {
      "name": "hedley",
      "version>=": "15"
    }{% end %}
  ],
  "default-features": [],
  "features": {
    "test": {
      "description": "Dependencies for testing",
      "dependencies": [
        {
          "name": "catch2",
          "version>=": "2.13.8"
        }
      ]
    }
  },
  "builtin-baseline": "5cf60186a241e84e8232641ee973395d4fde90e1"
}
