{
  "name": "Debian 12",
  "ami_owner": "136693071363",
  "ami_name_pattern": "debian-12-*",
  "user": "admin",
  "archs": ["x86_64", "arm64"],
  "setup_commands": [
    "cloud-init status --wait",
    "export DEBIAN_FRONTEND=noninteractive UCF_FORCE_CONFNEW=1",
    "sudo -E apt-get update -y",
    "sudo -E apt-get dist-upgrade -f -y"
  ],
  "install_build_deps": "sudo -E apt-get install -y locales-all rpm ccache cmake g++ pkg-config zlib1g-dev git python-dev-is-python3 libacl1-dev ninja-build manpages-dev capnproto libcapnp-dev gdb lldb python3-pexpect libzstd1 libzstd-dev",
  "install_build_deps_x86_64": "sudo -E apt-get install -y g++-multilib",
  "install_app_test_deps": "sudo -E apt-get install -y tightvncserver xtightvncviewer curl tar bzip2 libdbus-glib-1-2 libreoffice"
}
