{"808bd":"https://github.com/chaosprint/Dirt-Samples","808ch":"https://github.com/chaosprint/Dirt-Samples","808clap":"https://github.com/chaosprint/Dirt-Samples","808ht":"https://github.com/chaosprint/Dirt-Samples","808lt":"https://github.com/chaosprint/Dirt-Samples","808oh":"https://github.com/chaosprint/Dirt-Samples","808sd":"https://github.com/chaosprint/Dirt-Samples","bass3":"https://github.com/chaosprint/Dirt-Samples","bin":"https://github.com/chaosprint/Dirt-Samples","blip":"https://github.com/chaosprint/Dirt-Samples","boip":"https://github.com/chaosprint/Dirt-Samples","bong":"https://github.com/chaosprint/Dirt-Samples","bpblart":"https://github.com/chaosprint/Dirt-Samples","can":"https://github.com/chaosprint/Dirt-Samples","casiohigh":"https://github.com/chaosprint/Dirt-Samples","casiolow":"https://github.com/chaosprint/Dirt-Samples","casionoise":"https://github.com/chaosprint/Dirt-Samples","cb":"https://github.com/chaosprint/Dirt-Samples","closedhh":"https://github.com/chaosprint/Dirt-Samples","clubkick":"https://github.com/chaosprint/Dirt-Samples","crash":"https://github.com/chaosprint/Dirt-Samples","echo":"https://github.com/chaosprint/Dirt-Samples","fat808sub":"https://github.com/chaosprint/Dirt-Samples","giveit":"https://github.com/chaosprint/Dirt-Samples","glass":"https://github.com/chaosprint/Dirt-Samples","guitar":"https://github.com/chaosprint/Dirt-Samples","hit1":"https://github.com/chaosprint/Dirt-Samples","hit2":"https://github.com/chaosprint/Dirt-Samples","hit3":"https://github.com/chaosprint/Dirt-Samples","industrial":"https://github.com/chaosprint/Dirt-Samples","junglesine":"https://github.com/chaosprint/Dirt-Samples","kick1":"https://github.com/chaosprint/Dirt-Samples","kick2":"https://github.com/chaosprint/Dirt-Samples","latibro":"https://github.com/chaosprint/Dirt-Samples","moog":"https://github.com/chaosprint/Dirt-Samples","openhh":"https://github.com/chaosprint/Dirt-Samples","pad":"https://github.com/chaosprint/Dirt-Samples","perc1":"https://github.com/chaosprint/Dirt-Samples","perc2":"https://github.com/chaosprint/Dirt-Samples","pluck":"https://github.com/chaosprint/Dirt-Samples","ride":"https://github.com/chaosprint/Dirt-Samples","rm":"https://github.com/chaosprint/Dirt-Samples","sax":"https://github.com/chaosprint/Dirt-Samples","sid":"https://github.com/chaosprint/Dirt-Samples","snare1":"https://github.com/chaosprint/Dirt-Samples","snare2":"https://github.com/chaosprint/Dirt-Samples","stab":"https://github.com/chaosprint/Dirt-Samples","talk1":"https://github.com/chaosprint/Dirt-Samples","talk2":"https://github.com/chaosprint/Dirt-Samples","tink":"https://github.com/chaosprint/Dirt-Samples","tok":"https://github.com/chaosprint/Dirt-Samples","ufo":"https://github.com/chaosprint/Dirt-Samples","whoosh":"https://github.com/chaosprint/Dirt-Samples","wind":"https://github.com/chaosprint/Dirt-Samples"}