{
  "name": "context-menu",
  "dependencies": [
    "@radix-ui/react-context-menu"
  ],
  "files": [
    {
      "name": "context-menu.tsx",
      "content": "\"use client\"\n\nimport * as React from \"react\"\nimport * as ContextMenuPrimitive from \"@radix-ui/react-context-menu\"\nimport {\n  CheckIcon,\n  ChevronRightIcon,\n  DotFilledIcon,\n} from \"@radix-ui/react-icons\"\n\nimport { cn } from \"@/lib/utils\"\n\nconst ContextMenu = ContextMenuPrimitive.Root\n\nconst ContextMenuTrigger = ContextMenuPrimitive.Trigger\n\nconst ContextMenuGroup = ContextMenuPrimitive.Group\n\nconst ContextMenuPortal = ContextMenuPrimitive.Portal\n\nconst ContextMenuSub = ContextMenuPrimitive.Sub\n\nconst ContextMenuRadioGroup = ContextMenuPrimitive.RadioGroup\n\nconst ContextMenuSubTrigger = React.forwardRef<\n  React.ElementRef<typeof ContextMenuPrimitive.SubTrigger>,\n  React.ComponentPropsWithoutRef<typeof ContextMenuPrimitive.SubTrigger> & {\n    inset?: boolean\n  }\n>(({ className, inset, children, ...props }, ref) => (\n  <ContextMenuPrimitive.SubTrigger\n    ref={ref}\n    className={cn(\n      \"flex cursor-default select-none items-center rounded-sm px-2 py-1.5 text-sm outline-none focus:bg-accent focus:text-accent-foreground data-[state=open]:bg-accent data-[state=open]:text-accent-foreground\",\n      inset && \"pl-8\",\n      className\n    )}\n    {...props}\n  >\n    {children}\n    <ChevronRightIcon className=\"ml-auto h-4 w-4\" />\n  </ContextMenuPrimitive.SubTrigger>\n))\nContextMenuSubTrigger.displayName = ContextMenuPrimitive.SubTrigger.displayName\n\nconst ContextMenuSubContent = React.forwardRef<\n  React.ElementRef<typeof ContextMenuPrimitive.SubContent>,\n  React.ComponentPropsWithoutRef<typeof ContextMenuPrimitive.SubContent>\n>(({ className, ...props }, ref) => (\n  <ContextMenuPrimitive.SubContent\n    ref={ref}\n    className={cn(\n      \"z-50 min-w-[8rem] overflow-hidden rounded-md border bg-popover p-1 text-popover-foreground shadow-lg data-[state=open]:animate-in data-[state=closed]:animate-out data-[state=closed]:fade-out-0 data-[state=open]:fade-in-0 data-[state=closed]:zoom-out-95 data-[state=open]:zoom-in-95 data-[side=bottom]:slide-in-from-top-2 data-[side=left]:slide-in-from-right-2 data-[side=right]:slide-in-from-left-2 data-[side=top]:slide-in-from-bottom-2\",\n      className\n    )}\n    {...props}\n  />\n))\nContextMenuSubContent.displayName = ContextMenuPrimitive.SubContent.displayName\n\nconst ContextMenuContent = React.forwardRef<\n  React.ElementRef<typeof ContextMenuPrimitive.Content>,\n  React.ComponentPropsWithoutRef<typeof ContextMenuPrimitive.Content>\n>(({ className, ...props }, ref) => (\n  <ContextMenuPrimitive.Portal>\n    <ContextMenuPrimitive.Content\n      ref={ref}\n      className={cn(\n        \"z-50 min-w-[8rem] overflow-hidden rounded-md border bg-popover p-1 text-popover-foreground shadow-md data-[state=open]:animate-in data-[state=closed]:animate-out data-[state=closed]:fade-out-0 data-[state=open]:fade-in-0 data-[state=closed]:zoom-out-95 data-[state=open]:zoom-in-95 data-[side=bottom]:slide-in-from-top-2 data-[side=left]:slide-in-from-right-2 data-[side=right]:slide-in-from-left-2 data-[side=top]:slide-in-from-bottom-2\",\n        className\n      )}\n      {...props}\n    />\n  </ContextMenuPrimitive.Portal>\n))\nContextMenuContent.displayName = ContextMenuPrimitive.Content.displayName\n\nconst ContextMenuItem = React.forwardRef<\n  React.ElementRef<typeof ContextMenuPrimitive.Item>,\n  React.ComponentPropsWithoutRef<typeof ContextMenuPrimitive.Item> & {\n    inset?: boolean\n  }\n>(({ className, inset, ...props }, ref) => (\n  <ContextMenuPrimitive.Item\n    ref={ref}\n    className={cn(\n      \"relative flex cursor-default select-none items-center rounded-sm px-2 py-1.5 text-sm outline-none focus:bg-accent focus:text-accent-foreground data-[disabled]:pointer-events-none data-[disabled]:opacity-50\",\n      inset && \"pl-8\",\n      className\n    )}\n    {...props}\n  />\n))\nContextMenuItem.displayName = ContextMenuPrimitive.Item.displayName\n\nconst ContextMenuCheckboxItem = React.forwardRef<\n  React.ElementRef<typeof ContextMenuPrimitive.CheckboxItem>,\n  React.ComponentPropsWithoutRef<typeof ContextMenuPrimitive.CheckboxItem>\n>(({ className, children, checked, ...props }, ref) => (\n  <ContextMenuPrimitive.CheckboxItem\n    ref={ref}\n    className={cn(\n      \"relative flex cursor-default select-none items-center rounded-sm py-1.5 pl-8 pr-2 text-sm outline-none focus:bg-accent focus:text-accent-foreground data-[disabled]:pointer-events-none data-[disabled]:opacity-50\",\n      className\n    )}\n    checked={checked}\n    {...props}\n  >\n    <span className=\"absolute left-2 flex h-3.5 w-3.5 items-center justify-center\">\n      <ContextMenuPrimitive.ItemIndicator>\n        <CheckIcon className=\"h-4 w-4\" />\n      </ContextMenuPrimitive.ItemIndicator>\n    </span>\n    {children}\n  </ContextMenuPrimitive.CheckboxItem>\n))\nContextMenuCheckboxItem.displayName =\n  ContextMenuPrimitive.CheckboxItem.displayName\n\nconst ContextMenuRadioItem = React.forwardRef<\n  React.ElementRef<typeof ContextMenuPrimitive.RadioItem>,\n  React.ComponentPropsWithoutRef<typeof ContextMenuPrimitive.RadioItem>\n>(({ className, children, ...props }, ref) => (\n  <ContextMenuPrimitive.RadioItem\n    ref={ref}\n    className={cn(\n      \"relative flex cursor-default select-none items-center rounded-sm py-1.5 pl-8 pr-2 text-sm outline-none focus:bg-accent focus:text-accent-foreground data-[disabled]:pointer-events-none data-[disabled]:opacity-50\",\n      className\n    )}\n    {...props}\n  >\n    <span className=\"absolute left-2 flex h-3.5 w-3.5 items-center justify-center\">\n      <ContextMenuPrimitive.ItemIndicator>\n        <DotFilledIcon className=\"h-4 w-4 fill-current\" />\n      </ContextMenuPrimitive.ItemIndicator>\n    </span>\n    {children}\n  </ContextMenuPrimitive.RadioItem>\n))\nContextMenuRadioItem.displayName = ContextMenuPrimitive.RadioItem.displayName\n\nconst ContextMenuLabel = React.forwardRef<\n  React.ElementRef<typeof ContextMenuPrimitive.Label>,\n  React.ComponentPropsWithoutRef<typeof ContextMenuPrimitive.Label> & {\n    inset?: boolean\n  }\n>(({ className, inset, ...props }, ref) => (\n  <ContextMenuPrimitive.Label\n    ref={ref}\n    className={cn(\n      \"px-2 py-1.5 text-sm font-semibold text-foreground\",\n      inset && \"pl-8\",\n      className\n    )}\n    {...props}\n  />\n))\nContextMenuLabel.displayName = ContextMenuPrimitive.Label.displayName\n\nconst ContextMenuSeparator = React.forwardRef<\n  React.ElementRef<typeof ContextMenuPrimitive.Separator>,\n  React.ComponentPropsWithoutRef<typeof ContextMenuPrimitive.Separator>\n>(({ className, ...props }, ref) => (\n  <ContextMenuPrimitive.Separator\n    ref={ref}\n    className={cn(\"-mx-1 my-1 h-px bg-border\", className)}\n    {...props}\n  />\n))\nContextMenuSeparator.displayName = ContextMenuPrimitive.Separator.displayName\n\nconst ContextMenuShortcut = ({\n  className,\n  ...props\n}: React.HTMLAttributes<HTMLSpanElement>) => {\n  return (\n    <span\n      className={cn(\n        \"ml-auto text-xs tracking-widest text-muted-foreground\",\n        className\n      )}\n      {...props}\n    />\n  )\n}\nContextMenuShortcut.displayName = \"ContextMenuShortcut\"\n\nexport {\n  ContextMenu,\n  ContextMenuTrigger,\n  ContextMenuContent,\n  ContextMenuItem,\n  ContextMenuCheckboxItem,\n  ContextMenuRadioItem,\n  ContextMenuLabel,\n  ContextMenuSeparator,\n  ContextMenuShortcut,\n  ContextMenuGroup,\n  ContextMenuPortal,\n  ContextMenuSub,\n  ContextMenuSubContent,\n  ContextMenuSubTrigger,\n  ContextMenuRadioGroup,\n}\n"
    }
  ],
  "type": "components:ui"
}