{
  "name": "input",
  "files": [
    {
      "name": "input.tsx",
      "content": "import * as React from \"react\"\n\nimport { cn } from \"@/lib/utils\"\n\nexport interface InputProps\n  extends React.InputHTMLAttributes<HTMLInputElement> {}\n\nconst Input = React.forwardRef<HTMLInputElement, InputProps>(\n  ({ className, type, ...props }, ref) => {\n    return (\n      <input\n        type={type}\n        className={cn(\n          \"flex h-9 w-full rounded-md border border-input bg-transparent px-3 py-1 text-sm shadow-sm transition-colors file:border-0 file:bg-transparent file:text-sm file:font-medium placeholder:text-muted-foreground focus-visible:outline-none focus-visible:ring-1 focus-visible:ring-ring disabled:cursor-not-allowed disabled:opacity-50\",\n          className\n        )}\n        ref={ref}\n        {...props}\n      />\n    )\n  }\n)\nInput.displayName = \"Input\"\n\nexport { Input }\n"
    }
  ],
  "type": "components:ui"
}