{
    "$schema": "http://json-schema.org/draft-04/schema#",
    "$ref": "#/definitions/LeastRequestLocalityLoadBalancingPolicyConfig",
    "definitions": {
        "LeastRequestLocalityLoadBalancingPolicyConfig": {
            "properties": {
                "choiceCount": {
                    "type": "string"
                }
            },
            "additionalProperties": true,
            "type": "object",
            "title": "Least Request Locality Load Balancing Policy Config",
            "description": "Configuration for the least_request LB policy."
        }
    }
}