{
    "env": {
        "PATH": "$(PATH):$(HOME)\/.local\/bin"
    },
    "apps": [
        {
            "name": "Desktop",
            "image-path": "desktop.png",
            "exclude-global-prep-cmd": "true"
        },
        {
            "name": "Steam Big Picture",
            "image-path": "steam.png",
            "exclude-global-prep-cmd": "true",
            "detached": [
                "\/usr\/bin\/sunshine-run \/usr\/games\/steam steam:\/\/open\/bigpicture"
            ],
            "prep-cmd": [
                {
                    "do": "",
                    "undo": "sh -c \"sleep 7 && pkill -f -2 \/usr\/bin\/sunshine\""
                },
                {
                    "do": "",
                    "undo": "\/usr\/bin\/sunshine-stop"
                },
                {
                    "do": "",
                    "undo": "\/usr\/bin\/xfce4-close-all-windows"
                }
            ]
        }
    ]
}