[{
  "username": "elonmusk",
  "user_id": "44196397",
  "id": "1519480761749016577",
  "conversation_id": "1519480761749016577",
  "full_text": "Next I’m buying Coca-Cola to put the cocaine back in",
  "reply_count": 187291,
  "retweet_count": 648962,
  "favorite_count": 4596262,
  "hashtags": [],
  "symbols": [],
  "user_mentions": [],
  "urls": [],
  "media": [],
  "url": "https://twitter.com/elonmusk/status/1519480761749016577",
  "created_at": "2022-04-28T00:56:58.000Z",
  "quote_count": 171980,
  "is_quote_tweet": false,
  "is_retweet": false,
  "is_pinned": false,
  "is_truncated": false,
  "startUrl": "https://twitter.com/elonmusk/with_replies"
},
{
  "username": "elonmusk",
  "user_id": "44196397",
  "id": "1518623997054918657",
  "conversation_id": "1518623997054918657",
  "full_text": "I hope that even my worst critics remain on Twitter, because that is what free speech means",
  "reply_count": 174468,
  "retweet_count": 351409,
  "favorite_count": 3105543,
  "hashtags": [],
  "symbols": [],
  "user_mentions": [],
  "urls": [],
  "media": [],
  "url": "https://twitter.com/elonmusk/status/1518623997054918657",
  "created_at": "2022-04-25T16:12:30.000Z",
  "quote_count": 70717,
  "is_quote_tweet": false,
  "is_retweet": false,
  "is_pinned": false,
  "is_truncated": false,
  "startUrl": "https://twitter.com/elonmusk/with_replies"
},
{
  "username": "elonmusk",
  "user_id": "44196397",
  "id": "1519495072802390016",
  "conversation_id": "1519495072802390016",
  "full_text": "Let’s make Twitter maximum fun!",
  "reply_count": 110542,
  "retweet_count": 184310,
  "favorite_count": 2542681,
  "hashtags": [],
  "symbols": [],
  "user_mentions": [],
  "urls": [],
  "media": [],
  "url": "https://twitter.com/elonmusk/status/1519495072802390016",
  "created_at": "2022-04-28T01:53:50.000Z",
  "quote_count": 34654,
  "is_quote_tweet": false,
  "is_retweet": false,
  "is_pinned": false,
  "is_truncated": false,
  "startUrl": "https://twitter.com/elonmusk/with_replies"
},
{
  "username": "elonmusk",
  "user_id": "44196397",
  "id": "1518677066325053441",
  "conversation_id": "1518677066325053441",
  "full_text": "🚀💫♥️ Yesss!!! ♥️💫🚀 https://t.co/0T9HzUHuh6",
  "reply_count": 145150,
  "retweet_count": 330889,
  "favorite_count": 2505986,
  "hashtags": [],
  "symbols": [],
  "user_mentions": [],
  "urls": [],
  "media": [
    {
      "media_url": "https://pbs.twimg.com/media/FRNsuSFWUAUW6aP.jpg",
      "type": "photo"
    }
  ],
  "url": "https://twitter.com/elonmusk/status/1518677066325053441",
  "created_at": "2022-04-25T19:43:22.000Z",
  "quote_count": 61362,
  "is_quote_tweet": false,
  "is_retweet": false,
  "is_pinned": false,
  "is_truncated": false,
  "startUrl": "https://twitter.com/elonmusk/with_replies"
},
{
  "username": "elonmusk",
  "user_id": "44196397",
  "id": "1519495982723084290",
  "conversation_id": "1519495982723084290",
  "full_text": "Listen, I can’t do miracles ok https://t.co/z7dvLMUXy8",
  "reply_count": 74894,
  "retweet_count": 202182,
  "favorite_count": 2473727,
  "hashtags": [],
  "symbols": [],
  "user_mentions": [],
  "urls": [],
  "media": [
    {
      "media_url": "https://pbs.twimg.com/media/FRZViwWX0AMsqQ1.jpg",
      "type": "photo"
    }
  ],
  "url": "https://twitter.com/elonmusk/status/1519495982723084290",
  "created_at": "2022-04-28T01:57:27.000Z",
  "quote_count": 25525,
  "is_quote_tweet": false,
  "is_retweet": false,
  "is_pinned": false,
  "is_truncated": false,
  "startUrl": "https://twitter.com/elonmusk/with_replies"
},
{
  "username": "elonmusk",
  "user_id": "44196397",
  "id": "1585841080431321088",
  "conversation_id": "1585841080431321088",
  "full_text": "the bird is freed",
  "reply_count": 137792,
  "retweet_count": 330476,
  "favorite_count": 2370568,
  "hashtags": [],
  "symbols": [],
  "user_mentions": [],
  "urls": [],
  "media": [],
  "url": "https://twitter.com/elonmusk/status/1585841080431321088",
  "created_at": "2022-10-28T03:49:11.000Z",
  "quote_count": 52481,
  "is_quote_tweet": false,
  "is_retweet": false,
  "is_pinned": false,
  "is_truncated": false,
  "startUrl": "https://twitter.com/elonmusk/with_replies"
},
{
  "username": "elonmusk",
  "user_id": "44196397",
  "id": "1586104694421659648",
  "conversation_id": "1586104694421659648",
  "full_text": "Comedy is now legal on Twitter",
  "reply_count": 87869,
  "retweet_count": 236840,
  "favorite_count": 2274201,
  "hashtags": [],
  "symbols": [],
  "user_mentions": [],
  "urls": [],
  "media": [],
  "url": "https://twitter.com/elonmusk/status/1586104694421659648",
  "created_at": "2022-10-28T21:16:42.000Z",
  "quote_count": 39559,
  "is_quote_tweet": false,
  "is_retweet": false,
  "is_pinned": false,
  "is_truncated": false,
  "startUrl": "https://twitter.com/elonmusk/with_replies"
},
{
  "username": "elonmusk",
  "user_id": "44196397",
  "id": "1593459801966538755",
  "conversation_id": "1593459801966538755",
  "full_text": "https://t.co/rbwbsLA1ZG",
  "reply_count": 67716,
  "retweet_count": 218714,
  "favorite_count": 2030318,
  "hashtags": [],
  "symbols": [],
  "user_mentions": [],
  "urls": [],
  "media": [
    {
      "media_url": "https://pbs.twimg.com/media/Fh0bPd7VQAAU31D.jpg",
      "type": "photo"
    }
  ],
  "url": "https://twitter.com/elonmusk/status/1593459801966538755",
  "created_at": "2022-11-18T04:23:16.000Z",
  "quote_count": 165205,
  "is_quote_tweet": false,
  "is_retweet": false,
  "is_pinned": false,
  "is_truncated": false,
  "startUrl": "https://twitter.com/elonmusk/with_replies"
},
{
  "username": "elonmusk",
  "user_id": "44196397",
  "id": "1523465632502906880",
  "conversation_id": "1523465632502906880",
  "full_text": "If I die under mysterious circumstances, it’s been nice knowin ya",
  "reply_count": 142816,
  "retweet_count": 164576,
  "favorite_count": 1814691,
  "hashtags": [],
  "symbols": [],
  "user_mentions": [],
  "urls": [],
  "media": [],
  "url": "https://twitter.com/elonmusk/status/1523465632502906880",
  "created_at": "2022-05-09T00:51:26.000Z",
  "quote_count": 40125,
  "is_quote_tweet": false,
  "is_retweet": false,
  "is_pinned": false,
  "is_truncated": false,
  "startUrl": "https://twitter.com/elonmusk/with_replies"
},
{
  "username": "elonmusk",
  "user_id": "44196397",
  "id": "1587894226695884800",
  "conversation_id": "1587894226695884800",
  "full_text": "https://t.co/kGncG7Hs3M",
  "reply_count": 71915,
  "retweet_count": 167091,
  "favorite_count": 1796047,
  "hashtags": [],
  "symbols": [],
  "user_mentions": [],
  "urls": [],
  "media": [
    {
      "media_url": "https://pbs.twimg.com/media/FglVYVmXkAIWB5w.jpg",
      "type": "photo"
    }
  ],
  "url": "https://twitter.com/elonmusk/status/1587894226695884800",
  "created_at": "2022-11-02T19:47:39.000Z",
  "quote_count": 63550,
  "is_quote_tweet": false,
  "is_retweet": false,
  "is_pinned": false,
  "is_truncated": false,
  "startUrl": "https://twitter.com/elonmusk/with_replies"
},
{
  "username": "elonmusk",
  "user_id": "44196397",
  "id": "1236029449042198528",
  "conversation_id": "1236029449042198528",
  "full_text": "The coronavirus panic is dumb",
  "reply_count": 39483,
  "retweet_count": 267574,
  "favorite_count": 1453833,
  "hashtags": [],
  "symbols": [],
  "user_mentions": [],
  "urls": [],
  "media": [],
  "url": "https://twitter.com/elonmusk/status/1236029449042198528",
  "created_at": "2020-03-06T20:42:39.000Z",
  "quote_count": 38185,
  "is_quote_tweet": false,
  "is_retweet": false,
  "is_pinned": false,
  "is_truncated": false,
  "startUrl": "https://twitter.com/elonmusk/with_replies"
},
{
  "username": "elonmusk",
  "user_id": "44196397",
  "id": "1519020176884305920",
  "conversation_id": "1519020176884305920",
  "full_text": "The extreme antibody reaction from those who fear free speech says it all",
  "reply_count": 76483,
  "retweet_count": 182948,
  "favorite_count": 1586156,
  "hashtags": [],
  "symbols": [],
  "user_mentions": [],
  "urls": [],
  "media": [],
  "url": "https://twitter.com/elonmusk/status/1519020176884305920",
  "created_at": "2022-04-26T18:26:46.000Z",
  "quote_count": 17843,
  "is_quote_tweet": false,
  "is_retweet": false,
  "is_pinned": false,
  "is_truncated": false,
  "startUrl": "https://twitter.com/elonmusk/with_replies"
},
{
  "username": "elonmusk",
  "user_id": "44196397",
  "id": "1685096284275802112",
  "conversation_id": "1685096284275802112",
  "full_text": "https://t.co/XEydRiST9D",
  "reply_count": 129650,
  "retweet_count": 100921,
  "favorite_count": 1672309,
  "hashtags": [],
  "symbols": [],
  "user_mentions": [],
  "urls": [],
  "media": [
    {
      "media_url": "https://pbs.twimg.com/media/F2KqI_ZXUAAGRCD.jpg",
      "type": "photo"
    }
  ],
  "url": "https://twitter.com/elonmusk/status/1685096284275802112",
  "created_at": "2023-07-29T01:13:56.000Z",
  "view_count": 153952239,
  "quote_count": 65149,
  "is_quote_tweet": false,
  "is_retweet": false,
  "is_pinned": false,
  "is_truncated": false,
  "startUrl": "https://twitter.com/elonmusk/with_replies"
},
{
  "username": "elonmusk",
  "user_id": "44196397",
  "id": "1519735033950470144",
  "conversation_id": "1519735033950470144",
  "full_text": "https://t.co/Q9OjlJhi7f",
  "reply_count": 88482,
  "retweet_count": 199755,
  "favorite_count": 1498481,
  "hashtags": [],
  "symbols": [],
  "user_mentions": [],
  "urls": [],
  "media": [
    {
      "media_url": "https://pbs.twimg.com/media/FRcu9TeXEAMjvTM.jpg",
      "type": "photo"
    }
  ],
  "url": "https://twitter.com/elonmusk/status/1519735033950470144",
  "created_at": "2022-04-28T17:47:22.000Z",
  "quote_count": 43234,
  "is_quote_tweet": false,
  "is_retweet": false,
  "is_pinned": false,
  "is_truncated": false,
  "startUrl": "https://twitter.com/elonmusk/with_replies"
},
{
  "username": "elonmusk",
  "user_id": "44196397",
  "id": "1519415674111672325",
  "conversation_id": "1519415674111672325",
  "full_text": "For Twitter to deserve public trust, it must be politically neutral, which effectively means upsetting the far right and the far left equally",
  "reply_count": 77096,
  "retweet_count": 137275,
  "favorite_count": 1489409,
  "hashtags": [],
  "symbols": [],
  "user_mentions": [],
  "urls": [],
  "media": [],
  "url": "https://twitter.com/elonmusk/status/1519415674111672325",
  "created_at": "2022-04-27T20:38:20.000Z",
  "quote_count": 28306,
  "is_quote_tweet": false,
  "is_retweet": false,
  "is_pinned": false,
  "is_truncated": false,
  "startUrl": "https://twitter.com/elonmusk/with_replies"
},
{
  "username": "elonmusk",
  "user_id": "44196397",
  "id": "1479236333516165121",
  "conversation_id": "1479236333516165121",
  "full_text": "Starlinks with “lasers” deployed to orbit https://t.co/Y1eg9gl7sJ",
  "reply_count": 12544,
  "retweet_count": 9849,
  "favorite_count": 915843,
  "hashtags": [],
  "symbols": [],
  "user_mentions": [],
  "urls": [],
  "media": [
    {
      "media_url": "https://pbs.twimg.com/media/FIdNmXtVkAEF0Ss.jpg",
      "type": "photo"
    }
  ],
  "url": "https://twitter.com/elonmusk/status/1479236333516165121",
  "created_at": "2022-01-06T23:39:59.000Z",
  "quote_count": 1185,
  "is_quote_tweet": false,
  "is_retweet": false,
  "is_pinned": false,
  "is_truncated": false,
  "startUrl": "https://twitter.com/elonmusk/with_replies"
},
{
  "username": "elonmusk",
  "user_id": "44196397",
  "id": "1670234980776132608",
  "conversation_id": "1670234980776132608",
  "full_text": "Oh hi lol https://t.co/pLxkLDu0Qs",
  "reply_count": 56500,
  "retweet_count": 125873,
  "favorite_count": 1546285,
  "hashtags": [],
  "symbols": [],
  "user_mentions": [],
  "urls": [],
  "media": [
    {
      "media_url": "https://pbs.twimg.com/media/Fy3d3Q4XsAAPSAN.jpg",
      "type": "photo"
    }
  ],
  "url": "https://twitter.com/elonmusk/status/1670234980776132608",
  "created_at": "2023-06-18T01:00:25.000Z",
  "view_count": 80352350,
  "quote_count": 9952,
  "is_quote_tweet": false,
  "is_retweet": false,
  "is_pinned": false,
  "is_truncated": false,
  "startUrl": "https://twitter.com/elonmusk/with_replies"
},
{
  "username": "elonmusk",
  "user_id": "44196397",
  "id": "1519469891455234048",
  "conversation_id": "1519469891455234048",
  "full_text": "Twitter DMs should have end to end encryption like Signal, so no one can spy on or hack your messages",
  "reply_count": 40662,
  "retweet_count": 101908,
  "favorite_count": 1403300,
  "hashtags": [],
  "symbols": [],
  "user_mentions": [],
  "urls": [],
  "media": [],
  "url": "https://twitter.com/elonmusk/status/1519469891455234048",
  "created_at": "2022-04-28T00:13:47.000Z",
  "quote_count": 16661,
  "is_quote_tweet": false,
  "is_retweet": false,
  "is_pinned": false,
  "is_truncated": false,
  "startUrl": "https://twitter.com/elonmusk/with_replies"
},
{
  "username": "elonmusk",
  "user_id": "44196397",
  "id": "1625368108461613057",
  "conversation_id": "1625368108461613057",
  "full_text": "https://t.co/iZUukCVrl5",
  "reply_count": 46125,
  "retweet_count": 80611,
  "favorite_count": 1436396,
  "hashtags": [],
  "symbols": [],
  "user_mentions": [],
  "urls": [],
  "media": [
    {
      "media_url": "https://pbs.twimg.com/media/Fo53ramacAAigCq.jpg",
      "type": "photo"
    }
  ],
  "url": "https://twitter.com/elonmusk/status/1625368108461613057",
  "created_at": "2023-02-14T05:35:29.000Z",
  "view_count": 177548664,
  "quote_count": 20288,
  "is_quote_tweet": false,
  "is_retweet": false,
  "is_pinned": false,
  "is_truncated": false,
  "startUrl": "https://twitter.com/elonmusk/with_replies"
},
{
  "username": "elonmusk",
  "user_id": "44196397",
  "id": "1517707521343082496",
  "conversation_id": "1517707521343082496",
  "full_text": "in case u need to lose a boner fast https://t.co/fcHiaXKCJi",
  "reply_count": 68690,
  "retweet_count": 128285,
  "favorite_count": 1353674,
  "hashtags": [],
  "symbols": [],
  "user_mentions": [],
  "urls": [],
  "media": [
    {
      "media_url": "https://pbs.twimg.com/media/FQ_68lnWQAIuYMM.jpg",
      "type": "photo"
    }
  ],
  "url": "https://twitter.com/elonmusk/status/1517707521343082496",
  "created_at": "2022-04-23T03:30:45.000Z",
  "quote_count": 30414,
  "is_quote_tweet": false,
  "is_retweet": false,
  "is_pinned": false,
  "is_truncated": false,
  "startUrl": "https://twitter.com/elonmusk/with_replies"
},
{
  "username": "elonmusk",
  "user_id": "44196397",
  "id": "1531647849599057921",
  "conversation_id": "1531647849599057921",
  "full_text": "https://t.co/G83vCrHHJf",
  "reply_count": 44573,
  "retweet_count": 128520,
  "favorite_count": 1349498,
  "hashtags": [],
  "symbols": [],
  "user_mentions": [],
  "urls": [],
  "media": [
    {
      "media_url": "https://pbs.twimg.com/media/FUGBmevWYAM-V_M.jpg",
      "type": "photo"
    }
  ],
  "url": "https://twitter.com/elonmusk/status/1531647849599057921",
  "created_at": "2022-05-31T14:44:38.000Z",
  "quote_count": 21742,
  "is_quote_tweet": false,
  "is_retweet": false,
  "is_pinned": false,
  "is_truncated": false,
  "startUrl": "https://twitter.com/elonmusk/with_replies"
},
{
  "username": "elonmusk",
  "user_id": "44196397",
  "id": "1594191387519373313",
  "conversation_id": "1594191387519373313",
  "full_text": "Twitter is ALIVE",
  "reply_count": 86483,
  "retweet_count": 106216,
  "favorite_count": 1377837,
  "hashtags": [],
  "symbols": [],
  "user_mentions": [],
  "urls": [],
  "media": [],
  "url": "https://twitter.com/elonmusk/status/1594191387519373313",
  "created_at": "2022-11-20T04:50:20.000Z",
  "quote_count": 21561,
  "is_quote_tweet": false,
  "is_retweet": false,
  "is_pinned": false,
  "is_truncated": false,
  "startUrl": "https://twitter.com/elonmusk/with_replies"
},
{
  "username": "elonmusk",
  "user_id": "44196397",
  "id": "1667289678612156416",
  "conversation_id": "1667289678612156416",
  "full_text": "https://t.co/g9gS4MUIVL",
  "reply_count": 37176,
  "retweet_count": 178234,
  "favorite_count": 1383503,
  "hashtags": [],
  "symbols": [],
  "user_mentions": [],
  "urls": [],
  "media": [
    {
      "media_url": "https://pbs.twimg.com/media/FyNnICoaUAEE9Xv.jpg",
      "type": "photo"
    }
  ],
  "url": "https://twitter.com/elonmusk/status/1667289678612156416",
  "created_at": "2023-06-09T21:56:50.000Z",
  "view_count": 87691832,
  "quote_count": 13850,
  "is_quote_tweet": false,
  "is_retweet": false,
  "is_pinned": false,
  "is_truncated": false,
  "startUrl": "https://twitter.com/elonmusk/with_replies"
},
{
  "username": "elonmusk",
  "user_id": "44196397",
  "id": "1585341984679469056",
  "conversation_id": "1585341984679469056",
  "full_text": "Entering Twitter HQ – let that sink in! https://t.co/D68z4K2wq7",
  "reply_count": 65658,
  "retweet_count": 172649,
  "favorite_count": 1331840,
  "hashtags": [],
  "symbols": [],
  "user_mentions": [],
  "urls": [],
  "media": [
    {
      "media_url": "https://pbs.twimg.com/ext_tw_video_thumb/1585341912877146112/pu/img/DwJ7wlGIe9iryk6N.jpg",
      "type": "video",
      "video_url": "https://video.twimg.com/ext_tw_video/1585341912877146112/pu/vid/1920x1080/aeoVUvTgj4wHShhN.mp4?tag=14"
    }
  ],
  "url": "https://twitter.com/elonmusk/status/1585341984679469056",
  "created_at": "2022-10-26T18:45:58.000Z",
  "view_count": 48607062,
  "quote_count": 42432,
  "is_quote_tweet": false,
  "is_retweet": false,
  "is_pinned": false,
  "is_truncated": false,
  "startUrl": "https://twitter.com/elonmusk/with_replies"
},
{
  "username": "elonmusk",
  "user_id": "44196397",
  "id": "1521202951230046210",
  "conversation_id": "1521202951230046210",
  "full_text": "As I was saying … https://t.co/tsGz6fCWuW",
  "reply_count": 52348,
  "retweet_count": 97069,
  "favorite_count": 1273109,
  "hashtags": [],
  "symbols": [],
  "user_mentions": [],
  "urls": [],
  "media": [
    {
      "media_url": "https://pbs.twimg.com/media/FRxmBNeXwAMVTOg.jpg",
      "type": "photo"
    }
  ],
  "url": "https://twitter.com/elonmusk/status/1521202951230046210",
  "created_at": "2022-05-02T19:00:20.000Z",
  "quote_count": 9562,
  "is_quote_tweet": false,
  "is_retweet": false,
  "is_pinned": false,
  "is_truncated": false,
  "startUrl": "https://twitter.com/elonmusk/with_replies"
},
{
  "username": "elonmusk",
  "user_id": "44196397",
  "id": "1588750686006947840",
  "conversation_id": "1588750686006947840",
  "full_text": "Trash me all day, but it’ll cost $8",
  "reply_count": 104121,
  "retweet_count": 89130,
  "favorite_count": 1300597,
  "hashtags": [],
  "symbols": [],
  "user_mentions": [],
  "urls": [],
  "media": [],
  "url": "https://twitter.com/elonmusk/status/1588750686006947840",
  "created_at": "2022-11-05T04:30:55.000Z",
  "quote_count": 28347,
  "is_quote_tweet": false,
  "is_retweet": false,
  "is_pinned": false,
  "is_truncated": false,
  "startUrl": "https://twitter.com/elonmusk/with_replies"
},
{
  "username": "elonmusk",
  "user_id": "44196397",
  "id": "1053390822991790083",
  "conversation_id": "1053390822991790083",
  "full_text": "Had to been done ur welcome https://t.co/7jT0f9lqIS",
  "reply_count": 15864,
  "retweet_count": 322101,
  "favorite_count": 1102018,
  "hashtags": [],
  "symbols": [],
  "user_mentions": [],
  "urls": [],
  "media": [
    {
      "media_url": "https://pbs.twimg.com/media/Dp5lXiYUUAAngKq.jpg",
      "type": "photo"
    }
  ],
  "url": "https://twitter.com/elonmusk/status/1053390822991790083",
  "created_at": "2018-10-19T21:01:57.000Z",
  "quote_count": 24554,
  "is_quote_tweet": false,
  "is_retweet": false,
  "is_pinned": false,
  "is_truncated": false,
  "startUrl": "https://twitter.com/elonmusk/with_replies"
},
{
  "username": "elonmusk",
  "user_id": "44196397",
  "id": "1590755506112823296",
  "conversation_id": "1590755506112823296",
  "full_text": "I love when people complain about Twitter … on Twitter 🤣🤣",
  "reply_count": 78232,
  "retweet_count": 101956,
  "favorite_count": 1268496,
  "hashtags": [],
  "symbols": [],
  "user_mentions": [],
  "urls": [],
  "media": [],
  "url": "https://twitter.com/elonmusk/status/1590755506112823296",
  "created_at": "2022-11-10T17:17:22.000Z",
  "quote_count": 28192,
  "is_quote_tweet": false,
  "is_retweet": false,
  "is_pinned": false,
  "is_truncated": false,
  "startUrl": "https://twitter.com/elonmusk/with_replies"
},
{
  "username": "elonmusk",
  "user_id": "44196397",
  "id": "1601894132573605888",
  "conversation_id": "1601894132573605888",
  "full_text": "My pronouns are Prosecute/Fauci",
  "reply_count": 110524,
  "retweet_count": 180237,
  "favorite_count": 1231419,
  "hashtags": [],
  "symbols": [],
  "user_mentions": [],
  "urls": [],
  "media": [],
  "url": "https://twitter.com/elonmusk/status/1601894132573605888",
  "created_at": "2022-12-11T10:58:17.000Z",
  "quote_count": 34573,
  "is_quote_tweet": false,
  "is_retweet": false,
  "is_pinned": false,
  "is_truncated": false,
  "startUrl": "https://twitter.com/elonmusk/with_replies"
},
{
  "username": "elonmusk",
  "user_id": "44196397",
  "id": "1625695877326340102",
  "conversation_id": "1625695877326340102",
  "full_text": "The new CEO of Twitter is amazing https://t.co/yBqWFUDIQH",
  "reply_count": 42614,
  "retweet_count": 87988,
  "favorite_count": 1240934,
  "hashtags": [],
  "symbols": [],
  "user_mentions": [],
  "urls": [],
  "media": [
    {
      "media_url": "https://pbs.twimg.com/media/Fo-hx39aIAABMKW.jpg",
      "type": "photo"
    }
  ],
  "url": "https://twitter.com/elonmusk/status/1625695877326340102",
  "created_at": "2023-02-15T03:17:55.000Z",
  "view_count": 140213026,
  "quote_count": 14042,
  "is_quote_tweet": false,
  "is_retweet": false,
  "is_pinned": false,
  "is_truncated": false,
  "startUrl": "https://twitter.com/elonmusk/with_replies"
},
{
  "username": "elonmusk",
  "user_id": "44196397",
  "id": "1601624795585486848",
  "conversation_id": "1601624795585486848",
  "full_text": "🇲🇦🇲🇦 Congrats Morocco!! 🇲🇦🇲🇦",
  "reply_count": 32666,
  "retweet_count": 132562,
  "favorite_count": 1219545,
  "hashtags": [],
  "symbols": [],
  "user_mentions": [],
  "urls": [],
  "media": [],
  "url": "https://twitter.com/elonmusk/status/1601624795585486848",
  "created_at": "2022-12-10T17:08:02.000Z",
  "quote_count": 12875,
  "is_quote_tweet": false,
  "is_retweet": false,
  "is_pinned": false,
  "is_truncated": false,
  "startUrl": "https://twitter.com/elonmusk/with_replies"
},
{
  "username": "elonmusk",
  "user_id": "44196397",
  "id": "1607997591870124032",
  "conversation_id": "1607997591870124032",
  "full_text": "I’m not brainwashed!! https://t.co/4kx61uu4yy",
  "reply_count": 71411,
  "retweet_count": 151179,
  "favorite_count": 1188252,
  "hashtags": [],
  "symbols": [],
  "user_mentions": [],
  "urls": [],
  "media": [
    {
      "media_url": "https://pbs.twimg.com/media/FlDBSYAXgAAlX8i.jpg",
      "type": "photo"
    }
  ],
  "url": "https://twitter.com/elonmusk/status/1607997591870124032",
  "created_at": "2022-12-28T07:11:15.000Z",
  "view_count": 130353016,
  "quote_count": 39375,
  "is_quote_tweet": false,
  "is_retweet": false,
  "is_pinned": false,
  "is_truncated": false,
  "startUrl": "https://twitter.com/elonmusk/with_replies"
},
{
  "username": "elonmusk",
  "user_id": "44196397",
  "id": "1503287788652871680",
  "conversation_id": "1503287788652871680",
  "full_text": "https://t.co/Gw6xaw1u0N",
  "reply_count": 30439,
  "retweet_count": 137446,
  "favorite_count": 1141043,
  "hashtags": [],
  "symbols": [],
  "user_mentions": [],
  "urls": [],
  "media": [
    {
      "media_url": "https://pbs.twimg.com/media/FNzARriXsAMoSur.jpg",
      "type": "photo"
    }
  ],
  "url": "https://twitter.com/elonmusk/status/1503287788652871680",
  "created_at": "2022-03-14T08:31:53.000Z",
  "quote_count": 24278,
  "is_quote_tweet": false,
  "is_retweet": false,
  "is_pinned": false,
  "is_truncated": false,
  "startUrl": "https://twitter.com/elonmusk/with_replies"
},
{
  "username": "elonmusk",
  "user_id": "44196397",
  "id": "1514720245113577473",
  "conversation_id": "1514720245113577473",
  "full_text": "i♥️u",
  "reply_count": 84542,
  "retweet_count": 79423,
  "favorite_count": 1139093,
  "hashtags": [],
  "symbols": [],
  "user_mentions": [],
  "urls": [],
  "media": [],
  "url": "https://twitter.com/elonmusk/status/1514720245113577473",
  "created_at": "2022-04-14T21:40:23.000Z",
  "quote_count": 15750,
  "is_quote_tweet": false,
  "is_retweet": false,
  "is_pinned": false,
  "is_truncated": false,
  "startUrl": "https://twitter.com/elonmusk/with_replies"
},
{
  "username": "elonmusk",
  "user_id": "44196397",
  "id": "1520017094007476224",
  "conversation_id": "1520017094007476224",
  "full_text": "The far left hates everyone, themselves included!",
  "reply_count": 59438,
  "retweet_count": 114302,
  "favorite_count": 1128704,
  "hashtags": [],
  "symbols": [],
  "user_mentions": [],
  "urls": [],
  "media": [],
  "url": "https://twitter.com/elonmusk/status/1520017094007476224",
  "created_at": "2022-04-29T12:28:10.000Z",
  "quote_count": 16725,
  "is_quote_tweet": false,
  "is_retweet": false,
  "is_pinned": false,
  "is_truncated": false,
  "startUrl": "https://twitter.com/elonmusk/with_replies"
},
{
  "username": "elonmusk",
  "user_id": "44196397",
  "id": "1530380264966434823",
  "conversation_id": "1530380264966434823",
  "full_text": "https://t.co/USLO967YsJ",
  "reply_count": 35224,
  "retweet_count": 92904,
  "favorite_count": 1146612,
  "hashtags": [],
  "symbols": [],
  "user_mentions": [],
  "urls": [],
  "media": [
    {
      "media_url": "https://pbs.twimg.com/media/FT0AuTZWAAEgQHU.jpg",
      "type": "photo"
    }
  ],
  "url": "https://twitter.com/elonmusk/status/1530380264966434823",
  "created_at": "2022-05-28T02:47:42.000Z",
  "quote_count": 8393,
  "is_quote_tweet": false,
  "is_retweet": false,
  "is_pinned": false,
  "is_truncated": false,
  "startUrl": "https://twitter.com/elonmusk/with_replies"
},
{
  "username": "elonmusk",
  "user_id": "44196397",
  "id": "1523658010241155073",
  "conversation_id": "1523658010241155073",
  "full_text": "Chocolate milk is insanely good. Just had some.",
  "reply_count": 68723,
  "retweet_count": 71066,
  "favorite_count": 1090118,
  "hashtags": [],
  "symbols": [],
  "user_mentions": [],
  "urls": [],
  "media": [],
  "url": "https://twitter.com/elonmusk/status/1523658010241155073",
  "created_at": "2022-05-09T13:35:52.000Z",
  "quote_count": 14543,
  "is_quote_tweet": false,
  "is_retweet": false,
  "is_pinned": false,
  "is_truncated": false,
  "startUrl": "https://twitter.com/elonmusk/with_replies"
},
{
  "username": "elonmusk",
  "user_id": "44196397",
  "id": "1511982702819520512",
  "conversation_id": "1511982702819520512",
  "full_text": "https://t.co/TW2lLQakE5",
  "reply_count": 31984,
  "retweet_count": 103366,
  "favorite_count": 1088637,
  "hashtags": [],
  "symbols": [],
  "user_mentions": [],
  "urls": [],
  "media": [
    {
      "media_url": "https://pbs.twimg.com/media/FPukQSkXEAAtaQb.jpg",
      "type": "photo"
    }
  ],
  "url": "https://twitter.com/elonmusk/status/1511982702819520512",
  "created_at": "2022-04-07T08:22:22.000Z",
  "quote_count": 11547,
  "is_quote_tweet": false,
  "is_retweet": false,
  "is_pinned": false,
  "is_truncated": false,
  "startUrl": "https://twitter.com/elonmusk/with_replies"
},
{
  "username": "elonmusk",
  "user_id": "44196397",
  "id": "1688485935816581120",
  "conversation_id": "1688485935816581120",
  "full_text": "https://t.co/hDSTKPdQnG",
  "reply_count": 29410,
  "retweet_count": 67082,
  "favorite_count": 1176975,
  "hashtags": [],
  "symbols": [],
  "user_mentions": [],
  "urls": [],
  "media": [
    {
      "media_url": "https://pbs.twimg.com/media/F261AH-WUAAuyrT.jpg",
      "type": "photo"
    }
  ],
  "url": "https://twitter.com/elonmusk/status/1688485935816581120",
  "created_at": "2023-08-07T09:43:12.000Z",
  "view_count": 66638614,
  "quote_count": 4715,
  "is_quote_tweet": false,
  "is_retweet": false,
  "is_pinned": false,
  "is_truncated": false,
  "startUrl": "https://twitter.com/elonmusk/with_replies"
},
{
  "username": "elonmusk",
  "user_id": "44196397",
  "id": "1546344529460174849",
  "conversation_id": "1546344529460174849",
  "full_text": "https://t.co/JcLMee61wj",
  "reply_count": 36837,
  "retweet_count": 120770,
  "favorite_count": 1088822,
  "hashtags": [],
  "symbols": [],
  "user_mentions": [],
  "urls": [],
  "media": [
    {
      "media_url": "https://pbs.twimg.com/media/FXW4J4xXgAAXFKs.jpg",
      "type": "photo"
    }
  ],
  "url": "https://twitter.com/elonmusk/status/1546344529460174849",
  "created_at": "2022-07-11T04:04:00.000Z",
  "quote_count": 16457,
  "is_quote_tweet": false,
  "is_retweet": false,
  "is_pinned": false,
  "is_truncated": false,
  "startUrl": "https://twitter.com/elonmusk/with_replies"
},
{
  "username": "elonmusk",
  "user_id": "44196397",
  "id": "1686050455468621831",
  "conversation_id": "1686050455468621831",
  "full_text": "I ♥️ Canada https://t.co/95321VIi8r",
  "reply_count": 73993,
  "retweet_count": 102243,
  "favorite_count": 1156524,
  "hashtags": [],
  "symbols": [],
  "user_mentions": [],
  "urls": [],
  "media": [
    {
      "media_url": "https://pbs.twimg.com/media/F2YN81pXMAAjF1e.jpg",
      "type": "photo"
    }
  ],
  "url": "https://twitter.com/elonmusk/status/1686050455468621831",
  "created_at": "2023-07-31T16:25:28.000Z",
  "view_count": 130861294,
  "quote_count": 51439,
  "is_quote_tweet": false,
  "is_retweet": false,
  "is_pinned": false,
  "is_truncated": false,
  "startUrl": "https://twitter.com/elonmusk/with_replies"
},
{
  "username": "elonmusk",
  "user_id": "44196397",
  "id": "1520650036865949696",
  "conversation_id": "1520650036865949696",
  "full_text": "Since I’ve been asked a lot:\n\nBuy stock in several companies that make products &amp; services that *you* believe in.\n\nOnly sell if you think their products &amp; services are trending worse. Don’t panic when the market does.\n\nThis will serve you well in the long-term.",
  "reply_count": 42044,
  "retweet_count": 104025,
  "favorite_count": 1056890,
  "hashtags": [],
  "symbols": [],
  "user_mentions": [],
  "urls": [],
  "media": [],
  "url": "https://twitter.com/elonmusk/status/1520650036865949696",
  "created_at": "2022-05-01T06:23:15.000Z",
  "quote_count": 9050,
  "is_quote_tweet": false,
  "is_retweet": false,
  "is_pinned": false,
  "is_truncated": false,
  "startUrl": "https://twitter.com/elonmusk/with_replies"
},
{
  "username": "elonmusk",
  "user_id": "44196397",
  "id": "1587297137099931649",
  "conversation_id": "1587297137099931649",
  "full_text": "Halloween with my Mom https://t.co/xOAgNeeiNN",
  "reply_count": 36632,
  "retweet_count": 44968,
  "favorite_count": 1073096,
  "hashtags": [],
  "symbols": [],
  "user_mentions": [],
  "urls": [],
  "media": [
    {
      "media_url": "https://pbs.twimg.com/media/Fgc2U1AXkAA99Ay.jpg",
      "type": "photo"
    }
  ],
  "url": "https://twitter.com/elonmusk/status/1587297137099931649",
  "created_at": "2022-11-01T04:15:02.000Z",
  "quote_count": 6724,
  "is_quote_tweet": false,
  "is_retweet": false,
  "is_pinned": false,
  "is_truncated": false,
  "startUrl": "https://twitter.com/elonmusk/with_replies"
},
{
  "username": "elonmusk",
  "user_id": "44196397",
  "id": "1388693126206918658",
  "conversation_id": "1388693126206918658",
  "full_text": "I love Art Deco",
  "reply_count": 25352,
  "retweet_count": 11784,
  "favorite_count": 758325,
  "hashtags": [],
  "symbols": [],
  "user_mentions": [],
  "urls": [],
  "media": [],
  "url": "https://twitter.com/elonmusk/status/1388693126206918658",
  "created_at": "2021-05-02T03:13:36.000Z",
  "quote_count": 3020,
  "is_quote_tweet": false,
  "is_retweet": false,
  "is_pinned": false,
  "is_truncated": false,
  "startUrl": "https://twitter.com/elonmusk/with_replies"
},
{
  "username": "elonmusk",
  "user_id": "44196397",
  "id": "1685384125836849153",
  "conversation_id": "1685384125836849153",
  "full_text": "https://t.co/5YdlVQifRn",
  "reply_count": 38306,
  "retweet_count": 56775,
  "favorite_count": 1120840,
  "hashtags": [],
  "symbols": [],
  "user_mentions": [],
  "urls": [],
  "media": [
    {
      "media_url": "https://pbs.twimg.com/media/F2Ov7dOWcAAylqk.jpg",
      "type": "photo"
    }
  ],
  "url": "https://twitter.com/elonmusk/status/1685384125836849153",
  "created_at": "2023-07-29T20:17:43.000Z",
  "view_count": 77682952,
  "quote_count": 10273,
  "is_quote_tweet": false,
  "is_retweet": false,
  "is_pinned": false,
  "is_truncated": false,
  "startUrl": "https://twitter.com/elonmusk/with_replies"
},
{
  "username": "elonmusk",
  "user_id": "44196397",
  "id": "1524883482836623373",
  "conversation_id": "1524883482836623373",
  "full_text": "Biden’s mistake is that he thinks he was elected to transform the country, but actually everyone just wanted less drama",
  "reply_count": 58436,
  "retweet_count": 88667,
  "favorite_count": 1035375,
  "hashtags": [],
  "symbols": [],
  "user_mentions": [],
  "urls": [],
  "media": [],
  "url": "https://twitter.com/elonmusk/status/1524883482836623373",
  "created_at": "2022-05-12T22:45:27.000Z",
  "quote_count": 13152,
  "is_quote_tweet": false,
  "is_retweet": false,
  "is_pinned": false,
  "is_truncated": false,
  "startUrl": "https://twitter.com/elonmusk/with_replies"
},
{
  "username": "elonmusk",
  "user_id": "44196397",
  "id": "1587627120355934208",
  "conversation_id": "1587627120355934208",
  "full_text": "To all complainers, please continue complaining, but it will cost $8",
  "reply_count": 77567,
  "retweet_count": 80134,
  "favorite_count": 1051207,
  "hashtags": [],
  "symbols": [],
  "user_mentions": [],
  "urls": [],
  "media": [],
  "url": "https://twitter.com/elonmusk/status/1587627120355934208",
  "created_at": "2022-11-02T02:06:16.000Z",
  "quote_count": 29667,
  "is_quote_tweet": false,
  "is_retweet": false,
  "is_pinned": false,
  "is_truncated": false,
  "startUrl": "https://twitter.com/elonmusk/with_replies"
},
{
  "username": "elonmusk",
  "user_id": "44196397",
  "id": "1594500655724609536",
  "conversation_id": "1594500655724609536",
  "full_text": "And lead us not into temptation … https://t.co/8qNOXzwXS9",
  "reply_count": 67690,
  "retweet_count": 86645,
  "favorite_count": 1041472,
  "hashtags": [],
  "symbols": [],
  "user_mentions": [],
  "urls": [],
  "media": [
    {
      "media_url": "https://pbs.twimg.com/media/FiDN441XEAEq5lc.jpg",
      "type": "photo"
    }
  ],
  "url": "https://twitter.com/elonmusk/status/1594500655724609536",
  "created_at": "2022-11-21T01:19:15.000Z",
  "quote_count": 26030,
  "is_quote_tweet": false,
  "is_retweet": false,
  "is_pinned": false,
  "is_truncated": false,
  "startUrl": "https://twitter.com/elonmusk/with_replies"
},
{
  "username": "elonmusk",
  "user_id": "44196397",
  "id": "1587911540770222081",
  "conversation_id": "1587647032457449473",
  "full_text": "@AOC Your feedback is appreciated, now pay $8",
  "reply_count": 43326,
  "retweet_count": 75097,
  "favorite_count": 1028618,
  "hashtags": [],
  "symbols": [],
  "user_mentions": [
    {
      "id_str": "138203134",
      "name": "Alexandria Ocasio-Cortez",
      "screen_name": "AOC",
      "profile": "https://twitter.com/AOC"
    }
  ],
  "urls": [],
  "media": [],
  "url": "https://twitter.com/elonmusk/status/1587911540770222081",
  "created_at": "2022-11-02T20:56:27.000Z",
  "quote_count": 17086,
  "is_quote_tweet": false,
  "replying_to_tweet": "https://twitter.com/AOC/status/1587647032457449473",
  "is_retweet": false,
  "is_pinned": false,
  "is_truncated": false,
  "startUrl": "https://twitter.com/elonmusk/with_replies"
},
{
  "username": "elonmusk",
  "user_id": "44196397",
  "id": "1625377144137461761",
  "conversation_id": "1625377144137461761",
  "full_text": "There are no coincidences https://t.co/92Ny452J9B",
  "reply_count": 25034,
  "retweet_count": 87106,
  "favorite_count": 1034478,
  "hashtags": [],
  "symbols": [],
  "user_mentions": [],
  "urls": [],
  "media": [
    {
      "media_url": "https://pbs.twimg.com/media/Fo5_5eWaMAMEPaf.jpg",
      "type": "photo"
    }
  ],
  "url": "https://twitter.com/elonmusk/status/1625377144137461761",
  "created_at": "2023-02-14T06:11:23.000Z",
  "view_count": 115414305,
  "quote_count": 11381,
  "is_quote_tweet": false,
  "is_retweet": false,
  "is_pinned": false,
  "is_truncated": false,
  "startUrl": "https://twitter.com/elonmusk/with_replies"
},
{
  "username": "elonmusk",
  "user_id": "44196397",
  "id": "1608828315581976576",
  "conversation_id": "1608828315581976576",
  "full_text": "https://t.co/v1rrSsdwdg",
  "reply_count": 56860,
  "retweet_count": 137588,
  "favorite_count": 984592,
  "hashtags": [],
  "symbols": [],
  "user_mentions": [],
  "urls": [],
  "media": [
    {
      "media_url": "https://pbs.twimg.com/media/FlO00p-aYAE5h8J.jpg",
      "type": "photo"
    }
  ],
  "url": "https://twitter.com/elonmusk/status/1608828315581976576",
  "created_at": "2022-12-30T14:12:15.000Z",
  "view_count": 88845731,
  "quote_count": 15482,
  "is_quote_tweet": false,
  "is_retweet": false,
  "is_pinned": false,
  "is_truncated": false,
  "startUrl": "https://twitter.com/elonmusk/with_replies"
},
{
  "username": "elonmusk",
  "user_id": "44196397",
  "id": "1587297730631696384",
  "conversation_id": "1587297730631696384",
  "full_text": "😉 https://t.co/eaIYaDRBnu",
  "reply_count": 33970,
  "retweet_count": 67582,
  "favorite_count": 969459,
  "hashtags": [],
  "symbols": [],
  "user_mentions": [],
  "urls": [],
  "media": [
    {
      "media_url": "https://pbs.twimg.com/media/Fgc23kFXkAEJOas.jpg",
      "type": "photo"
    }
  ],
  "url": "https://twitter.com/elonmusk/status/1587297730631696384",
  "created_at": "2022-11-01T04:17:24.000Z",
  "quote_count": 7822,
  "is_quote_tweet": false,
  "is_retweet": false,
  "is_pinned": false,
  "is_truncated": false,
  "startUrl": "https://twitter.com/elonmusk/with_replies"
},
{
  "username": "elonmusk",
  "user_id": "44196397",
  "id": "1357236825589432322",
  "conversation_id": "1357236825589432322",
  "full_text": "ur welcome https://t.co/e2KF57KLxb",
  "reply_count": 21387,
  "retweet_count": 129294,
  "favorite_count": 906408,
  "hashtags": [],
  "symbols": [],
  "user_mentions": [],
  "urls": [],
  "media": [
    {
      "media_url": "https://pbs.twimg.com/media/EtXfpgGWYAEIa7y.jpg",
      "type": "photo"
    }
  ],
  "url": "https://twitter.com/elonmusk/status/1357236825589432322",
  "created_at": "2021-02-04T07:57:30.000Z",
  "quote_count": 18283,
  "is_quote_tweet": false,
  "is_retweet": false,
  "is_pinned": false,
  "is_truncated": false,
  "startUrl": "https://twitter.com/elonmusk/with_replies"
},
{
  "username": "elonmusk",
  "user_id": "44196397",
  "id": "1595207476936413187",
  "conversation_id": "1595207476936413187",
  "full_text": "Wasn’t Twitter supposed to die by now or something … ?",
  "reply_count": 65614,
  "retweet_count": 64613,
  "favorite_count": 932862,
  "hashtags": [],
  "symbols": [],
  "user_mentions": [],
  "urls": [],
  "media": [],
  "url": "https://twitter.com/elonmusk/status/1595207476936413187",
  "created_at": "2022-11-23T00:07:54.000Z",
  "quote_count": 12541,
  "is_quote_tweet": false,
  "is_retweet": false,
  "is_pinned": false,
  "is_truncated": false,
  "startUrl": "https://twitter.com/elonmusk/with_replies"
},
{
  "username": "elonmusk",
  "user_id": "44196397",
  "id": "1585966869122457600",
  "conversation_id": "1585966869122457600",
  "full_text": "🎶 let the good times roll 🎶",
  "reply_count": 44899,
  "retweet_count": 82648,
  "favorite_count": 942793,
  "hashtags": [],
  "symbols": [],
  "user_mentions": [],
  "urls": [],
  "media": [],
  "url": "https://twitter.com/elonmusk/status/1585966869122457600",
  "created_at": "2022-10-28T12:09:02.000Z",
  "quote_count": 7638,
  "is_quote_tweet": false,
  "is_retweet": false,
  "is_pinned": false,
  "is_truncated": false,
  "startUrl": "https://twitter.com/elonmusk/with_replies"
},
{
  "username": "elonmusk",
  "user_id": "44196397",
  "id": "1604650028999405568",
  "conversation_id": "1604650028999405568",
  "full_text": "Those who want power are the ones who least deserve it",
  "reply_count": 89824,
  "retweet_count": 92573,
  "favorite_count": 945701,
  "hashtags": [],
  "symbols": [],
  "user_mentions": [],
  "urls": [],
  "media": [],
  "url": "https://twitter.com/elonmusk/status/1604650028999405568",
  "created_at": "2022-12-19T01:29:14.000Z",
  "view_count": 103726233,
  "quote_count": 26405,
  "is_quote_tweet": false,
  "is_retweet": false,
  "is_pinned": false,
  "is_truncated": false,
  "startUrl": "https://twitter.com/elonmusk/with_replies"
},
{
  "username": "elonmusk",
  "user_id": "44196397",
  "id": "1594131768298315777",
  "conversation_id": "1594131768298315777",
  "full_text": "The people have spoken. \n\nTrump will be reinstated.\n\nVox Populi, Vox Dei.",
  "reply_count": 128348,
  "retweet_count": 118481,
  "favorite_count": 913495,
  "hashtags": [],
  "symbols": [],
  "user_mentions": [],
  "urls": [],
  "media": [],
  "url": "https://twitter.com/elonmusk/status/1594131768298315777",
  "created_at": "2022-11-20T00:53:25.000Z",
  "quote_count": 39411,
  "is_quote_tweet": true,
  "is_retweet": false,
  "is_pinned": false,
  "is_truncated": false,
  "quoted_tweet": {
    "username": "elonmusk",
    "user_id": "44196397",
    "id": "1593767953706921985",
    "conversation_id": "1593767953706921985",
    "full_text": "Reinstate former President Trump",
    "reply_count": 210109,
    "retweet_count": 213875,
    "favorite_count": 794653,
    "hashtags": [],
    "symbols": [],
    "user_mentions": [],
    "urls": [],
    "media": [],
    "url": "https://twitter.com/elonmusk/status/1593767953706921985",
    "created_at": "2022-11-19T00:47:45.000Z",
    "#sort_index": "1694472769204387754",
    "quote_count": 75130,
    "is_quote_tweet": false,
    "is_retweet": false,
    "is_pinned": false,
    "is_truncated": false
  },
  "startUrl": "https://twitter.com/elonmusk/with_replies"
},
{
  "username": "elonmusk",
  "user_id": "44196397",
  "id": "1593767953706921985",
  "conversation_id": "1593767953706921985",
  "full_text": "Reinstate former President Trump",
  "reply_count": 210109,
  "retweet_count": 213875,
  "favorite_count": 794653,
  "hashtags": [],
  "symbols": [],
  "user_mentions": [],
  "urls": [],
  "media": [],
  "url": "https://twitter.com/elonmusk/status/1593767953706921985",
  "created_at": "2022-11-19T00:47:45.000Z",
  "quote_count": 75130,
  "is_quote_tweet": false,
  "is_retweet": false,
  "is_pinned": false,
  "is_truncated": false,
  "startUrl": "https://twitter.com/elonmusk/with_replies"
},
{
  "username": "elonmusk",
  "user_id": "44196397",
  "id": "1587129795732770824",
  "conversation_id": "1587129795732770824",
  "full_text": "If I had a dollar for every time someone asked me if Trump is coming back on this platform, Twitter would be minting money!",
  "reply_count": 69021,
  "retweet_count": 55275,
  "favorite_count": 907907,
  "hashtags": [],
  "symbols": [],
  "user_mentions": [],
  "urls": [],
  "media": [],
  "url": "https://twitter.com/elonmusk/status/1587129795732770824",
  "created_at": "2022-10-31T17:10:05.000Z",
  "quote_count": 6873,
  "is_quote_tweet": false,
  "is_retweet": false,
  "is_pinned": false,
  "is_truncated": false,
  "startUrl": "https://twitter.com/elonmusk/with_replies"
},
{
  "username": "elonmusk",
  "user_id": "44196397",
  "id": "1511011921495011328",
  "conversation_id": "1511011921495011328",
  "full_text": "Oh hi lol",
  "reply_count": 64749,
  "retweet_count": 50654,
  "favorite_count": 884878,
  "hashtags": [],
  "symbols": [],
  "user_mentions": [],
  "urls": [],
  "media": [],
  "url": "https://twitter.com/elonmusk/status/1511011921495011328",
  "created_at": "2022-04-04T16:04:49.000Z",
  "quote_count": 10090,
  "is_quote_tweet": false,
  "is_retweet": false,
  "is_pinned": false,
  "is_truncated": false,
  "startUrl": "https://twitter.com/elonmusk/with_replies"
},
{
  "username": "elonmusk",
  "user_id": "44196397",
  "id": "1683378289031761920",
  "conversation_id": "1683378289031761920",
  "full_text": "Our headquarters tonight https://t.co/GO6yY8R7fO",
  "reply_count": 48576,
  "retweet_count": 74788,
  "favorite_count": 943571,
  "hashtags": [],
  "symbols": [],
  "user_mentions": [],
  "urls": [],
  "media": [
    {
      "media_url": "https://pbs.twimg.com/media/F1yPk5VXoAA3rGZ.jpg",
      "type": "photo"
    }
  ],
  "url": "https://twitter.com/elonmusk/status/1683378289031761920",
  "created_at": "2023-07-24T07:27:14.000Z",
  "view_count": 110928423,
  "quote_count": 20062,
  "is_quote_tweet": false,
  "is_retweet": false,
  "is_pinned": false,
  "is_truncated": false,
  "startUrl": "https://twitter.com/elonmusk/with_replies"
},
{
  "username": "elonmusk",
  "user_id": "44196397",
  "id": "1347978218494513152",
  "conversation_id": "1347978218494513152",
  "full_text": "My 14-year-old son, Saxon, said he feels like 2021 will be a good year. I agree. Let us all make it so.",
  "reply_count": 26148,
  "retweet_count": 57425,
  "favorite_count": 841624,
  "hashtags": [],
  "symbols": [],
  "user_mentions": [],
  "urls": [],
  "media": [],
  "url": "https://twitter.com/elonmusk/status/1347978218494513152",
  "created_at": "2021-01-09T18:47:06.000Z",
  "quote_count": 10610,
  "is_quote_tweet": false,
  "is_retweet": false,
  "is_pinned": false,
  "is_truncated": false,
  "startUrl": "https://twitter.com/elonmusk/with_replies"
},
{
  "username": "elonmusk",
  "user_id": "44196397",
  "id": "1641858340752875535",
  "conversation_id": "1641858340752875535",
  "full_text": "https://t.co/qviPxhX7n8",
  "reply_count": 49591,
  "retweet_count": 41093,
  "favorite_count": 918203,
  "hashtags": [],
  "symbols": [],
  "user_mentions": [],
  "urls": [],
  "media": [
    {
      "media_url": "https://pbs.twimg.com/media/FskNdX5WYAkmETe.jpg",
      "type": "photo"
    }
  ],
  "url": "https://twitter.com/elonmusk/status/1641858340752875535",
  "created_at": "2023-03-31T17:41:47.000Z",
  "view_count": 77587609,
  "quote_count": 10737,
  "is_quote_tweet": false,
  "is_retweet": false,
  "is_pinned": false,
  "is_truncated": false,
  "startUrl": "https://twitter.com/elonmusk/with_replies"
},
{
  "username": "elonmusk",
  "user_id": "44196397",
  "id": "1514564966564651008",
  "conversation_id": "1514564966564651008",
  "full_text": "I made an offer \nhttps://t.co/VvreuPMeLu",
  "reply_count": 75744,
  "retweet_count": 101232,
  "favorite_count": 864685,
  "hashtags": [],
  "symbols": [],
  "user_mentions": [],
  "urls": [
    {
      "url": "https://t.co/VvreuPMeLu",
      "expanded_url": "https://www.sec.gov/Archives/edgar/data/0001418091/000110465922045641/tm2212748d1_sc13da.htm",
      "display_url": "sec.gov/Archives/edgar…"
    }
  ],
  "media": [],
  "url": "https://twitter.com/elonmusk/status/1514564966564651008",
  "created_at": "2022-04-14T11:23:21.000Z",
  "quote_count": 30137,
  "is_quote_tweet": false,
  "is_retweet": false,
  "is_pinned": false,
  "is_truncated": false,
  "startUrl": "https://twitter.com/elonmusk/with_replies"
},
{
  "username": "elonmusk",
  "user_id": "44196397",
  "id": "1597405399040217088",
  "conversation_id": "1597405399040217088",
  "full_text": "This is a battle for the future of civilization. If free speech is lost even in America, tyranny is all that lies ahead.",
  "reply_count": 82874,
  "retweet_count": 136750,
  "favorite_count": 878560,
  "hashtags": [],
  "symbols": [],
  "user_mentions": [],
  "urls": [],
  "media": [],
  "url": "https://twitter.com/elonmusk/status/1597405399040217088",
  "created_at": "2022-11-29T01:41:40.000Z",
  "quote_count": 16765,
  "is_quote_tweet": false,
  "is_retweet": false,
  "is_pinned": false,
  "is_truncated": false,
  "startUrl": "https://twitter.com/elonmusk/with_replies"
},
{
  "username": "elonmusk",
  "user_id": "44196397",
  "id": "1609254628113420290",
  "conversation_id": "1609254628113420290",
  "full_text": "Sometimes it’s just better to make pizza at home",
  "reply_count": 51068,
  "retweet_count": 42308,
  "favorite_count": 804635,
  "hashtags": [],
  "symbols": [],
  "user_mentions": [],
  "urls": [],
  "media": [],
  "url": "https://twitter.com/elonmusk/status/1609254628113420290",
  "created_at": "2022-12-31T18:26:16.000Z",
  "view_count": 81906590,
  "quote_count": 7397,
  "is_quote_tweet": false,
  "is_retweet": false,
  "is_pinned": false,
  "is_truncated": false,
  "startUrl": "https://twitter.com/elonmusk/with_replies"
},
{
  "username": "elonmusk",
  "user_id": "44196397",
  "id": "1349286488618491904",
  "conversation_id": "1349286488618491904",
  "full_text": "Legalize comedy",
  "reply_count": 16426,
  "retweet_count": 75729,
  "favorite_count": 804936,
  "hashtags": [],
  "symbols": [],
  "user_mentions": [],
  "urls": [],
  "media": [],
  "url": "https://twitter.com/elonmusk/status/1349286488618491904",
  "created_at": "2021-01-13T09:25:42.000Z",
  "quote_count": 8341,
  "is_quote_tweet": false,
  "is_retweet": false,
  "is_pinned": false,
  "is_truncated": false,
  "startUrl": "https://twitter.com/elonmusk/with_replies"
},
{
  "username": "elonmusk",
  "user_id": "44196397",
  "id": "1618371072486936578",
  "conversation_id": "1618371072486936578",
  "full_text": "Changed my name to Mr. Tweet, now Twitter won’t let me change it back 🤣",
  "reply_count": 61260,
  "retweet_count": 53130,
  "favorite_count": 882792,
  "hashtags": [],
  "symbols": [],
  "user_mentions": [],
  "urls": [],
  "media": [],
  "url": "https://twitter.com/elonmusk/status/1618371072486936578",
  "created_at": "2023-01-25T22:11:46.000Z",
  "view_count": 82457457,
  "quote_count": 11770,
  "is_quote_tweet": false,
  "is_retweet": false,
  "is_pinned": false,
  "is_truncated": false,
  "startUrl": "https://twitter.com/elonmusk/with_replies"
},
{
  "username": "elonmusk",
  "user_id": "44196397",
  "id": "1642962756906418176",
  "conversation_id": "1642962756906418176",
  "full_text": "https://t.co/wmN5WxUhfQ",
  "reply_count": 31801,
  "retweet_count": 80651,
  "favorite_count": 887233,
  "hashtags": [],
  "symbols": [],
  "user_mentions": [],
  "urls": [],
  "media": [
    {
      "media_url": "https://pbs.twimg.com/media/Fsz562paMAAB_nP.jpg",
      "type": "photo"
    }
  ],
  "url": "https://twitter.com/elonmusk/status/1642962756906418176",
  "created_at": "2023-04-03T18:50:20.000Z",
  "view_count": 76577794,
  "quote_count": 16600,
  "is_quote_tweet": false,
  "is_retweet": false,
  "is_pinned": false,
  "is_truncated": false,
  "startUrl": "https://twitter.com/elonmusk/with_replies"
},
{
  "username": "elonmusk",
  "user_id": "44196397",
  "id": "1680423042873278465",
  "conversation_id": "1680423042873278465",
  "full_text": "https://t.co/LCXD4QPsNW",
  "reply_count": 21342,
  "retweet_count": 79920,
  "favorite_count": 901835,
  "hashtags": [],
  "symbols": [],
  "user_mentions": [],
  "urls": [],
  "media": [
    {
      "media_url": "https://pbs.twimg.com/media/F1IP2Z9WYAA-AR0.jpg",
      "type": "photo"
    }
  ],
  "url": "https://twitter.com/elonmusk/status/1680423042873278465",
  "created_at": "2023-07-16T03:44:08.000Z",
  "view_count": 95252197,
  "quote_count": 8094,
  "is_quote_tweet": false,
  "is_retweet": false,
  "is_pinned": false,
  "is_truncated": false,
  "startUrl": "https://twitter.com/elonmusk/with_replies"
},
{
  "username": "elonmusk",
  "user_id": "44196397",
  "id": "1374617643446063105",
  "conversation_id": "1374617643446063105",
  "full_text": "You can now buy a Tesla with Bitcoin",
  "reply_count": 32923,
  "retweet_count": 100977,
  "favorite_count": 816205,
  "hashtags": [],
  "symbols": [],
  "user_mentions": [],
  "urls": [],
  "media": [],
  "url": "https://twitter.com/elonmusk/status/1374617643446063105",
  "created_at": "2021-03-24T07:02:40.000Z",
  "quote_count": 21989,
  "is_quote_tweet": false,
  "is_retweet": false,
  "is_pinned": false,
  "is_truncated": false,
  "startUrl": "https://twitter.com/elonmusk/with_replies"
},
{
  "username": "elonmusk",
  "user_id": "44196397",
  "id": "1666964082363371520",
  "conversation_id": "1666964082363371520",
  "full_text": "https://t.co/kf7VYDgOra",
  "reply_count": 21723,
  "retweet_count": 102762,
  "favorite_count": 874592,
  "hashtags": [],
  "symbols": [],
  "user_mentions": [],
  "urls": [],
  "media": [
    {
      "media_url": "https://pbs.twimg.com/media/FyI-_vraEAEfW6O.jpg",
      "type": "photo"
    }
  ],
  "url": "https://twitter.com/elonmusk/status/1666964082363371520",
  "created_at": "2023-06-09T00:23:02.000Z",
  "view_count": 75132462,
  "quote_count": 8403,
  "is_quote_tweet": false,
  "is_retweet": false,
  "is_pinned": false,
  "is_truncated": false,
  "startUrl": "https://twitter.com/elonmusk/with_replies"
},
{
  "username": "elonmusk",
  "user_id": "44196397",
  "id": "1266811094527508481",
  "conversation_id": "1266811094527508481",
  "full_text": "5 mins to T-0",
  "reply_count": 15420,
  "retweet_count": 44012,
  "favorite_count": 766204,
  "hashtags": [],
  "symbols": [],
  "user_mentions": [],
  "urls": [],
  "media": [],
  "url": "https://twitter.com/elonmusk/status/1266811094527508481",
  "created_at": "2020-05-30T19:17:55.000Z",
  "quote_count": 3961,
  "is_quote_tweet": false,
  "is_retweet": false,
  "is_pinned": false,
  "is_truncated": false,
  "startUrl": "https://twitter.com/elonmusk/with_replies"
},
{
  "username": "elonmusk",
  "user_id": "44196397",
  "id": "1597165510595989504",
  "conversation_id": "1597165510595989504",
  "full_text": "My bedside table https://t.co/sIdRYJcLTK",
  "reply_count": 85849,
  "retweet_count": 53759,
  "favorite_count": 851738,
  "hashtags": [],
  "symbols": [],
  "user_mentions": [],
  "urls": [],
  "media": [
    {
      "media_url": "https://pbs.twimg.com/media/FipFkIsVsAAM0O_.jpg",
      "type": "photo"
    }
  ],
  "url": "https://twitter.com/elonmusk/status/1597165510595989504",
  "created_at": "2022-11-28T09:48:26.000Z",
  "quote_count": 28524,
  "is_quote_tweet": false,
  "is_retweet": false,
  "is_pinned": false,
  "is_truncated": false,
  "startUrl": "https://twitter.com/elonmusk/with_replies"
},
{
  "username": "elonmusk",
  "user_id": "44196397",
  "id": "1517215066550116354",
  "conversation_id": "1517215066550116354",
  "full_text": "If our twitter bid succeeds, we will defeat the spam bots or die trying!",
  "reply_count": 32433,
  "retweet_count": 69710,
  "favorite_count": 833196,
  "hashtags": [],
  "symbols": [],
  "user_mentions": [],
  "urls": [],
  "media": [],
  "url": "https://twitter.com/elonmusk/status/1517215066550116354",
  "created_at": "2022-04-21T18:53:55.000Z",
  "quote_count": 12602,
  "is_quote_tweet": false,
  "is_retweet": false,
  "is_pinned": false,
  "is_truncated": false,
  "startUrl": "https://twitter.com/elonmusk/with_replies"
},
{
  "username": "elonmusk",
  "user_id": "44196397",
  "id": "1276396101872922625",
  "conversation_id": "1276396101872922625",
  "full_text": "https://t.co/e9dPKVSjjl",
  "reply_count": 5811,
  "retweet_count": 116826,
  "favorite_count": 777176,
  "hashtags": [],
  "symbols": [],
  "user_mentions": [],
  "urls": [],
  "media": [
    {
      "media_url": "https://pbs.twimg.com/media/EbarfO6U4AA-7c5.jpg",
      "type": "photo"
    }
  ],
  "url": "https://twitter.com/elonmusk/status/1276396101872922625",
  "created_at": "2020-06-26T06:05:19.000Z",
  "quote_count": 7287,
  "is_quote_tweet": false,
  "is_retweet": false,
  "is_pinned": false,
  "is_truncated": false,
  "startUrl": "https://twitter.com/elonmusk/with_replies"
},
{
  "username": "elonmusk",
  "user_id": "44196397",
  "id": "1559691922725281800",
  "conversation_id": "1559690651687608321",
  "full_text": "Also, I’m buying Manchester United ur welcome",
  "reply_count": 54593,
  "retweet_count": 112817,
  "favorite_count": 847886,
  "hashtags": [],
  "symbols": [],
  "user_mentions": [],
  "urls": [],
  "media": [],
  "url": "https://twitter.com/elonmusk/status/1559691922725281800",
  "created_at": "2022-08-17T00:01:46.000Z",
  "quote_count": 52581,
  "is_quote_tweet": false,
  "replying_to_tweet": "https://twitter.com/elonmusk/status/1559690651687608321",
  "is_retweet": false,
  "is_pinned": false,
  "is_truncated": false,
  "startUrl": "https://twitter.com/elonmusk/with_replies"
},
{
  "username": "elonmusk",
  "user_id": "44196397",
  "id": "1519036983137509376",
  "conversation_id": "1519020176884305920",
  "full_text": "By “free speech”, I simply mean that which matches the law. \n\nI am against censorship that goes far beyond the law. \n\nIf people want less free speech, they will ask government to pass laws to that effect.\n\nTherefore, going beyond the law is contrary to the will of the people.",
  "reply_count": 58411,
  "retweet_count": 85586,
  "favorite_count": 804143,
  "hashtags": [],
  "symbols": [],
  "user_mentions": [],
  "urls": [],
  "media": [],
  "url": "https://twitter.com/elonmusk/status/1519036983137509376",
  "created_at": "2022-04-26T19:33:33.000Z",
  "quote_count": 16481,
  "is_quote_tweet": false,
  "replying_to_tweet": "https://twitter.com/elonmusk/status/1519020176884305920",
  "is_retweet": false,
  "is_pinned": false,
  "is_truncated": false,
  "startUrl": "https://twitter.com/elonmusk/with_replies"
},
{
  "username": "elonmusk",
  "user_id": "44196397",
  "id": "1526997132858822658",
  "conversation_id": "1526997132858822658",
  "full_text": "In the past I voted Democrat, because they were (mostly) the kindness party.\n\nBut they have become the party of division &amp; hate, so I can no longer support them and will vote Republican.\n\nNow, watch their dirty tricks campaign against me unfold … 🍿",
  "reply_count": 106371,
  "retweet_count": 119882,
  "favorite_count": 804876,
  "hashtags": [],
  "symbols": [],
  "user_mentions": [],
  "urls": [],
  "media": [],
  "url": "https://twitter.com/elonmusk/status/1526997132858822658",
  "created_at": "2022-05-18T18:44:21.000Z",
  "quote_count": 32796,
  "is_quote_tweet": false,
  "is_retweet": false,
  "is_pinned": false,
  "is_truncated": false,
  "startUrl": "https://twitter.com/elonmusk/with_replies"
},
{
  "username": "elonmusk",
  "user_id": "44196397",
  "id": "1688022163574439937",
  "conversation_id": "1688022163574439937",
  "full_text": "If you were unfairly treated by your employer due to posting or liking something on this platform, we will fund your legal bill.\n\nNo limit. \n\nPlease let us know.",
  "reply_count": 46614,
  "retweet_count": 142357,
  "favorite_count": 867887,
  "hashtags": [],
  "symbols": [],
  "user_mentions": [],
  "urls": [],
  "media": [],
  "url": "https://twitter.com/elonmusk/status/1688022163574439937",
  "created_at": "2023-08-06T03:00:20.000Z",
  "view_count": 137457648,
  "quote_count": 27757,
  "is_quote_tweet": false,
  "is_retweet": false,
  "is_pinned": false,
  "is_truncated": false,
  "startUrl": "https://twitter.com/elonmusk/with_replies"
},
{
  "username": "elonmusk",
  "user_id": "44196397",
  "id": "1432818021836357634",
  "conversation_id": "1432818021836357634",
  "full_text": "https://t.co/YUt6Ltz2B6",
  "reply_count": 6742,
  "retweet_count": 13738,
  "favorite_count": 515958,
  "hashtags": [],
  "symbols": [],
  "user_mentions": [],
  "urls": [],
  "media": [
    {
      "media_url": "https://pbs.twimg.com/media/E-JkZaKVIAcbTdW.jpg",
      "type": "photo"
    }
  ],
  "url": "https://twitter.com/elonmusk/status/1432818021836357634",
  "created_at": "2021-08-31T21:30:11.000Z",
  "quote_count": 788,
  "is_quote_tweet": false,
  "is_retweet": false,
  "is_pinned": false,
  "is_truncated": false,
  "startUrl": "https://twitter.com/elonmusk/with_replies"
},
{
  "username": "elonmusk",
  "user_id": "44196397",
  "id": "1649052609590992901",
  "conversation_id": "1649052609590992901",
  "full_text": "https://t.co/vX3M7B3J1G",
  "reply_count": 40115,
  "retweet_count": 74183,
  "favorite_count": 838276,
  "hashtags": [],
  "symbols": [],
  "user_mentions": [],
  "urls": [],
  "media": [
    {
      "media_url": "https://pbs.twimg.com/ext_tw_video_thumb/1649047801446400000/pu/img/e2X_U3_Ti1mhf0fD.jpg",
      "type": "video",
      "video_url": "https://video.twimg.com/ext_tw_video/1649047801446400000/pu/vid/540x634/iek2j2lOnDvsuctV.mp4?tag=12"
    }
  ],
  "url": "https://twitter.com/elonmusk/status/1649052609590992901",
  "created_at": "2023-04-20T14:09:14.000Z",
  "view_count": 95752230,
  "quote_count": 9531,
  "is_quote_tweet": false,
  "is_retweet": false,
  "is_pinned": false,
  "is_truncated": false,
  "startUrl": "https://twitter.com/elonmusk/with_replies"
},
{
  "username": "elonmusk",
  "user_id": "44196397",
  "id": "1597336812732575744",
  "conversation_id": "1597336812732575744",
  "full_text": "The Twitter Files on free speech suppression soon to be published on Twitter itself. The public deserves to know what really happened …",
  "reply_count": 45806,
  "retweet_count": 122369,
  "favorite_count": 810965,
  "hashtags": [],
  "symbols": [],
  "user_mentions": [],
  "urls": [],
  "media": [],
  "url": "https://twitter.com/elonmusk/status/1597336812732575744",
  "created_at": "2022-11-28T21:09:07.000Z",
  "quote_count": 14868,
  "is_quote_tweet": false,
  "is_retweet": false,
  "is_pinned": false,
  "is_truncated": false,
  "startUrl": "https://twitter.com/elonmusk/with_replies"
},
{
  "username": "elonmusk",
  "user_id": "44196397",
  "id": "1361252063926251521",
  "conversation_id": "1361252063926251521",
  "full_text": "https://t.co/w11m1IAG0z",
  "reply_count": 10498,
  "retweet_count": 68594,
  "favorite_count": 756594,
  "hashtags": [],
  "symbols": [],
  "user_mentions": [],
  "urls": [],
  "media": [
    {
      "media_url": "https://pbs.twimg.com/media/EuQjiWeXAAEYUts.jpg",
      "type": "photo"
    }
  ],
  "url": "https://twitter.com/elonmusk/status/1361252063926251521",
  "created_at": "2021-02-15T09:52:37.000Z",
  "quote_count": 5088,
  "is_quote_tweet": false,
  "is_retweet": false,
  "is_pinned": false,
  "is_truncated": false,
  "startUrl": "https://twitter.com/elonmusk/with_replies"
},
{
  "username": "elonmusk",
  "user_id": "44196397",
  "id": "1672582593638957056",
  "conversation_id": "1672582593638957056",
  "full_text": "Don’t even trust nobody https://t.co/VHa1zVGI71",
  "reply_count": 22047,
  "retweet_count": 72713,
  "favorite_count": 832630,
  "hashtags": [],
  "symbols": [],
  "user_mentions": [],
  "urls": [],
  "media": [
    {
      "media_url": "https://pbs.twimg.com/media/FzY0_SvaIAAb9Xr.jpg",
      "type": "photo"
    }
  ],
  "url": "https://twitter.com/elonmusk/status/1672582593638957056",
  "created_at": "2023-06-24T12:29:00.000Z",
  "view_count": 69581275,
  "quote_count": 4599,
  "is_quote_tweet": false,
  "is_retweet": false,
  "is_pinned": false,
  "is_truncated": false,
  "startUrl": "https://twitter.com/elonmusk/with_replies"
},
{
  "username": "elonmusk",
  "user_id": "44196397",
  "id": "1686058966705487875",
  "conversation_id": "1686058966705487875",
  "full_text": "Wow, I’m glad so many people love Canada too 🤗 https://t.co/5oOL05zawB",
  "reply_count": 35449,
  "retweet_count": 44669,
  "favorite_count": 846460,
  "hashtags": [],
  "symbols": [],
  "user_mentions": [],
  "urls": [],
  "media": [
    {
      "media_url": "https://pbs.twimg.com/media/F2YVsVIXwBMdxRO.jpg",
      "type": "photo"
    }
  ],
  "url": "https://twitter.com/elonmusk/status/1686058966705487875",
  "created_at": "2023-07-31T16:59:17.000Z",
  "view_count": 65689425,
  "quote_count": 8190,
  "is_quote_tweet": false,
  "is_retweet": false,
  "is_pinned": false,
  "is_truncated": false,
  "startUrl": "https://twitter.com/elonmusk/with_replies"
},
{
  "username": "elonmusk",
  "user_id": "44196397",
  "id": "1662654838398697472",
  "conversation_id": "1662654838398697472",
  "full_text": "Sorry this app takes up so much space https://t.co/bCCfcOhNJt",
  "reply_count": 48357,
  "retweet_count": 63774,
  "favorite_count": 825999,
  "hashtags": [],
  "symbols": [],
  "user_mentions": [],
  "urls": [],
  "media": [
    {
      "media_url": "https://pbs.twimg.com/media/FxLvvm1XoAEkCaK.jpg",
      "type": "photo"
    }
  ],
  "url": "https://twitter.com/elonmusk/status/1662654838398697472",
  "created_at": "2023-05-28T02:59:38.000Z",
  "view_count": 104719593,
  "quote_count": 14271,
  "is_quote_tweet": false,
  "is_retweet": false,
  "is_pinned": false,
  "is_truncated": false,
  "startUrl": "https://twitter.com/elonmusk/with_replies"
},
{
  "username": "elonmusk",
  "user_id": "44196397",
  "id": "1525305145239781377",
  "conversation_id": "1525305145239781377",
  "full_text": "The bots are angry at being counted 🤣",
  "reply_count": 33782,
  "retweet_count": 52651,
  "favorite_count": 778264,
  "hashtags": [],
  "symbols": [],
  "user_mentions": [],
  "urls": [],
  "media": [],
  "url": "https://twitter.com/elonmusk/status/1525305145239781377",
  "created_at": "2022-05-14T02:41:00.000Z",
  "quote_count": 5713,
  "is_quote_tweet": false,
  "is_retweet": false,
  "is_pinned": false,
  "is_truncated": false,
  "startUrl": "https://twitter.com/elonmusk/with_replies"
},
{
  "username": "elonmusk",
  "user_id": "44196397",
  "id": "1520021098934554624",
  "conversation_id": "1520017094007476224",
  "full_text": "But I’m no fan of the far right either. \n\nLet’s have less hate and more love.",
  "reply_count": 40853,
  "retweet_count": 44229,
  "favorite_count": 771649,
  "hashtags": [],
  "symbols": [],
  "user_mentions": [],
  "urls": [],
  "media": [],
  "url": "https://twitter.com/elonmusk/status/1520021098934554624",
  "created_at": "2022-04-29T12:44:05.000Z",
  "quote_count": 6144,
  "is_quote_tweet": false,
  "replying_to_tweet": "https://twitter.com/elonmusk/status/1520017094007476224",
  "is_retweet": false,
  "is_pinned": false,
  "is_truncated": false,
  "startUrl": "https://twitter.com/elonmusk/with_replies"
},
{
  "username": "elonmusk",
  "user_id": "44196397",
  "id": "1607590239874211847",
  "conversation_id": "1607590239874211847",
  "full_text": "Some nights … https://t.co/BLAUsJr4wb",
  "reply_count": 41223,
  "retweet_count": 47150,
  "favorite_count": 777302,
  "hashtags": [],
  "symbols": [],
  "user_mentions": [],
  "urls": [],
  "media": [
    {
      "media_url": "https://pbs.twimg.com/media/Fk9Oy_iWIAEx8Qd.jpg",
      "type": "photo"
    }
  ],
  "url": "https://twitter.com/elonmusk/status/1607590239874211847",
  "created_at": "2022-12-27T04:12:35.000Z",
  "view_count": 74451033,
  "quote_count": 10569,
  "is_quote_tweet": false,
  "is_retweet": false,
  "is_pinned": false,
  "is_truncated": false,
  "startUrl": "https://twitter.com/elonmusk/with_replies"
},
{
  "username": "elonmusk",
  "user_id": "44196397",
  "id": "1518614732839735304",
  "conversation_id": "1518614732839735304",
  "full_text": "And be my love in the rain",
  "reply_count": 38409,
  "retweet_count": 49713,
  "favorite_count": 766115,
  "hashtags": [],
  "symbols": [],
  "user_mentions": [],
  "urls": [],
  "media": [],
  "url": "https://twitter.com/elonmusk/status/1518614732839735304",
  "created_at": "2022-04-25T15:35:41.000Z",
  "quote_count": 6798,
  "is_quote_tweet": false,
  "is_retweet": false,
  "is_pinned": false,
  "is_truncated": false,
  "startUrl": "https://twitter.com/elonmusk/with_replies"
},
{
  "username": "elonmusk",
  "user_id": "44196397",
  "id": "1497701484003213317",
  "conversation_id": "1497543633293266944",
  "full_text": "@FedorovMykhailo Starlink service is now active in Ukraine. More terminals en route.",
  "reply_count": 26104,
  "retweet_count": 127689,
  "favorite_count": 769963,
  "hashtags": [],
  "symbols": [],
  "user_mentions": [
    {
      "id_str": "1331528215899344896",
      "name": "Mykhailo Fedorov",
      "screen_name": "FedorovMykhailo",
      "profile": "https://twitter.com/FedorovMykhailo"
    }
  ],
  "urls": [],
  "media": [],
  "url": "https://twitter.com/elonmusk/status/1497701484003213317",
  "created_at": "2022-02-26T22:33:54.000Z",
  "quote_count": 23725,
  "is_quote_tweet": false,
  "replying_to_tweet": "https://twitter.com/FedorovMykhailo/status/1497543633293266944",
  "is_retweet": false,
  "is_pinned": false,
  "is_truncated": false,
  "startUrl": "https://twitter.com/elonmusk/with_replies"
},
{
  "username": "elonmusk",
  "user_id": "44196397",
  "id": "1505100708256825347",
  "conversation_id": "1505100708256825347",
  "full_text": "https://t.co/qZSX2up9W0",
  "reply_count": 25006,
  "retweet_count": 63264,
  "favorite_count": 752723,
  "hashtags": [],
  "symbols": [],
  "user_mentions": [],
  "urls": [],
  "media": [
    {
      "media_url": "https://pbs.twimg.com/media/FOMxHZwXEAIreox.jpg",
      "type": "photo"
    }
  ],
  "url": "https://twitter.com/elonmusk/status/1505100708256825347",
  "created_at": "2022-03-19T08:35:46.000Z",
  "quote_count": 4722,
  "is_quote_tweet": false,
  "is_retweet": false,
  "is_pinned": false,
  "is_truncated": false,
  "startUrl": "https://twitter.com/elonmusk/with_replies"
},
{
  "username": "elonmusk",
  "user_id": "44196397",
  "id": "1658960642445910017",
  "conversation_id": "1658960642445910017",
  "full_text": "https://t.co/FxOptt5Rgb",
  "reply_count": 30576,
  "retweet_count": 54781,
  "favorite_count": 792357,
  "hashtags": [],
  "symbols": [],
  "user_mentions": [],
  "urls": [],
  "media": [
    {
      "media_url": "https://pbs.twimg.com/media/FwXP5iKWcAEecKA.jpg",
      "type": "photo"
    }
  ],
  "url": "https://twitter.com/elonmusk/status/1658960642445910017",
  "created_at": "2023-05-17T22:20:13.000Z",
  "view_count": 66684167,
  "quote_count": 5027,
  "is_quote_tweet": false,
  "is_retweet": false,
  "is_pinned": false,
  "is_truncated": false,
  "startUrl": "https://twitter.com/elonmusk/with_replies"
},
{
  "username": "elonmusk",
  "user_id": "44196397",
  "id": "1358319935978496001",
  "conversation_id": "1358319935978496001",
  "full_text": "So … it’s finally come to this … https://t.co/Gf0Rg2QOaF",
  "reply_count": 27511,
  "retweet_count": 83980,
  "favorite_count": 720596,
  "hashtags": [],
  "symbols": [],
  "user_mentions": [],
  "urls": [],
  "media": [
    {
      "media_url": "https://pbs.twimg.com/media/Etm4yFZUcAAoN5u.jpg",
      "type": "photo"
    }
  ],
  "url": "https://twitter.com/elonmusk/status/1358319935978496001",
  "created_at": "2021-02-07T07:41:23.000Z",
  "quote_count": 7616,
  "is_quote_tweet": false,
  "is_retweet": false,
  "is_pinned": false,
  "is_truncated": false,
  "startUrl": "https://twitter.com/elonmusk/with_replies"
},
{
  "username": "elonmusk",
  "user_id": "44196397",
  "id": "1129274835173908481",
  "conversation_id": "1129274835173908481",
  "full_text": "And I am forever grateful https://t.co/kU1pT8t0yv",
  "reply_count": 2904,
  "retweet_count": 117714,
  "favorite_count": 667576,
  "hashtags": [],
  "symbols": [],
  "user_mentions": [],
  "urls": [],
  "media": [
    {
      "media_url": "https://pbs.twimg.com/media/D6v9ed6UwAAoKg2.jpg",
      "type": "photo"
    }
  ],
  "url": "https://twitter.com/elonmusk/status/1129274835173908481",
  "created_at": "2019-05-17T06:37:56.000Z",
  "quote_count": 3819,
  "is_quote_tweet": false,
  "is_retweet": false,
  "is_pinned": false,
  "is_truncated": false,
  "startUrl": "https://twitter.com/elonmusk/with_replies"
},
{
  "username": "elonmusk",
  "user_id": "44196397",
  "id": "1647629006089461761",
  "conversation_id": "1647629006089461761",
  "full_text": "Launch attempt tomorrow https://t.co/czFsQ53Xsa",
  "reply_count": 26620,
  "retweet_count": 51862,
  "favorite_count": 783936,
  "hashtags": [],
  "symbols": [],
  "user_mentions": [],
  "urls": [],
  "media": [
    {
      "media_url": "https://pbs.twimg.com/media/Ft2N2IxX0AkIbLf.jpg",
      "type": "photo"
    }
  ],
  "url": "https://twitter.com/elonmusk/status/1647629006089461761",
  "created_at": "2023-04-16T15:52:21.000Z",
  "view_count": 75845428,
  "quote_count": 4885,
  "is_quote_tweet": false,
  "is_retweet": false,
  "is_pinned": false,
  "is_truncated": false,
  "startUrl": "https://twitter.com/elonmusk/with_replies"
},
{
  "username": "elonmusk",
  "user_id": "44196397",
  "id": "1375033483148451842",
  "conversation_id": "1375033483148451842",
  "full_text": "If there’s ever a scandal about me, *please* call it Elongate",
  "reply_count": 20973,
  "retweet_count": 53774,
  "favorite_count": 723756,
  "hashtags": [],
  "symbols": [],
  "user_mentions": [],
  "urls": [],
  "media": [],
  "url": "https://twitter.com/elonmusk/status/1375033483148451842",
  "created_at": "2021-03-25T10:35:03.000Z",
  "quote_count": 8794,
  "is_quote_tweet": false,
  "is_retweet": false,
  "is_pinned": false,
  "is_truncated": false,
  "startUrl": "https://twitter.com/elonmusk/with_replies"
},
{
  "username": "elonmusk",
  "user_id": "44196397",
  "id": "1677470862436450308",
  "conversation_id": "1677470862436450308",
  "full_text": "Just drove Cybertruck around Austin! https://t.co/QN19Agqa7R",
  "reply_count": 49034,
  "retweet_count": 48651,
  "favorite_count": 792030,
  "hashtags": [],
  "symbols": [],
  "user_mentions": [],
  "urls": [],
  "media": [
    {
      "media_url": "https://pbs.twimg.com/media/F0eS2dyXgAAIqng.jpg",
      "type": "photo"
    }
  ],
  "url": "https://twitter.com/elonmusk/status/1677470862436450308",
  "created_at": "2023-07-08T00:13:14.000Z",
  "view_count": 75117791,
  "quote_count": 7125,
  "is_quote_tweet": false,
  "is_retweet": false,
  "is_pinned": false,
  "is_truncated": false,
  "startUrl": "https://twitter.com/elonmusk/with_replies"
},
{
  "username": "elonmusk",
  "user_id": "44196397",
  "id": "1629598417159692288",
  "conversation_id": "1629598417159692288",
  "full_text": "https://t.co/5wIbOXFs1e",
  "reply_count": 14937,
  "retweet_count": 67980,
  "favorite_count": 774099,
  "hashtags": [],
  "symbols": [],
  "user_mentions": [],
  "urls": [],
  "media": [
    {
      "media_url": "https://pbs.twimg.com/media/Fp1_H34WwAI3n1j.jpg",
      "type": "photo"
    }
  ],
  "url": "https://twitter.com/elonmusk/status/1629598417159692288",
  "created_at": "2023-02-25T21:45:13.000Z",
  "view_count": 96013117,
  "quote_count": 6278,
  "is_quote_tweet": false,
  "is_retweet": false,
  "is_pinned": false,
  "is_truncated": false,
  "startUrl": "https://twitter.com/elonmusk/with_replies"
}]