{
  "$schema": "http://json-schema.org/draft-07/schema#",
  "title": "Tach Project Configuration Schema",
  "type": "object",
  "properties": {
    "modules": {
      "type": "array",
      "items": {
        "type": "object",
        "properties": {
          "path": {
            "type": "string",
            "description": "Path to the module"
          },
          "depends_on": {
            "type": "array",
            "items": {
              "type": "object",
              "properties": {
                "path": {
                  "type": "string",
                  "description": "Path to the dependency"
                },
                "deprecated": {
                  "type": "boolean",
                  "default": false,
                  "description": "Flag usages of this dependency without failing tach check"
                }
              }
            },
            "default": [],
            "description": "List of dependencies for the module"
          },
          "strict": {
            "type": "boolean",
            "default": false,
            "description": "Strict mode for the module"
          }
        },
        "required": [
          "path"
        ]
      },
      "default": [],
      "description": "List of module configurations"
    },
    "cache": {
      "type": "object",
      "properties": {
        "backend": {
          "type": "string",
          "enum": [
            "local"
          ],
          "default": "local",
          "description": "Cache backend type (currently not configurable, 'local' only)"
        },
        "file_dependencies": {
          "type": "array",
          "items": {
            "type": "string"
          },
          "default": [],
          "description": "List of file dependencies for the cache"
        },
        "env_dependencies": {
          "type": "array",
          "items": {
            "type": "string"
          },
          "default": [],
          "description": "List of environment dependencies for the cache"
        }
      }
    },
    "external": {
      "type": "object",
      "properties": {
        "exclude": {
          "type": "array",
          "items": {
            "type": "string"
          },
          "description": "List of paths to exclude while checking external dependencies"
        }
      }
    },
    "exclude": {
      "type": "array",
      "items": {
        "type": "string"
      },
      "description": "List of paths to exclude while checking module boundaries"
    },
    "source_roots": {
      "type": "array",
      "items": {
        "type": "string"
      },
      "description": "Root directories for Python source code"
    },
    "exact": {
      "type": "boolean",
      "default": false,
      "description": "Check that module configuration exactly matches real dependencies"
    },
    "disable_logging": {
      "type": "boolean",
      "default": false,
      "description": "Disable anonymized usage logging"
    },
    "ignore_type_checking_imports": {
      "type": "boolean",
      "default": true,
      "description": "Ignore type-checking imports when checking module boundaries"
    },
    "forbid_circular_dependencies": {
      "type": "boolean",
      "default": false,
      "description": "Cause `tach check` to fail if any circular dependencies are detected"
    },
    "use_regex_matching": {
      "type": "boolean",
      "default": true,
      "description": "Uses regex matching for module paths, change to false to use glob matching"
    }
  },
  "required": [
    "modules"
  ]
}